Ticker,Sector
A,Healthcare
AACG,Consumer Defensive
AAL,Industrials
AAME,Financial Services
AAOI,Technology
AAON,Industrials
AAPL,Technology
ABBV,Healthcare
ABEO,Healthcare
ABT,Healthcare
ABTS,Financial Services
ABUS,Healthcare
ABVC,Healthcare
ACAD,Healthcare
ACB,Healthcare
ACGL,Financial Services
ACHC,Healthcare
ACHV,Healthcare
ACIC,Financial Services
ACIW,Technology
ACLS,Technology
ACN,Technology
ACNB,Financial Services
ACNT,Basic Materials
ACTG,Industrials
ADBE,Technology
ADD,Communication Services
ADEA,Technology
ADI,Technology
ADM,Consumer Defensive
ADMA,Healthcare
ADP,Technology
ADSK,Technology
ADTN,Technology
ADUS,Healthcare
ADVM,Healthcare
AEE,Utilities
AEHL,Industrials
AEHR,Technology
AEIS,Industrials
AEM,Basic Materials
AEMD,Healthcare
AEP,Utilities
AES,Utilities
AEYE,Technology
AFL,Financial Services
AGEN,Healthcare
AGIO,Healthcare
AGNC,Real Estate
AGYS,Technology
AIFF,Technology
AIFU,Financial Services
AIG,Financial Services
AIOT,Technology
AIRT,Industrials
AIZ,Financial Services
AJG,Financial Services
AKAM,Technology
AKBA,Healthcare
AKTX,Healthcare
ALB,Basic Materials
ALCO,Consumer Defensive
ALDX,Healthcare
ALGN,Healthcare
ALGT,Industrials
ALKS,Healthcare
ALL,Financial Services
ALLE,Industrials
ALLT,Technology
ALNT,Technology
ALNY,Healthcare
ALOT,Technology
ALRS,Financial Services
ALTO,Basic Materials
ALTS,Technology
AMAT,Technology
AMBA,Technology
AMCR,Consumer Cyclical
AMCX,Communication Services
AMD,Technology
AME,Industrials
AMED,Healthcare
AMGN,Healthcare
AMKR,Technology
AMP,Financial Services
AMPH,Healthcare
AMRK,Financial Services
AMRN,Healthcare
AMSC,Industrials
AMSF,Financial Services
AMT,Real Estate
AMTX,Basic Materials
AMWD,Consumer Cyclical
AMZN,Consumer Cyclical
ANDE,Consumer Defensive
ANET,Technology
ANGI,Communication Services
ANGO,Healthcare
ANIK,Healthcare
ANIP,Healthcare
ANIX,Healthcare
ANSS,Technology
ANTE,Communication Services
ANY,Financial Services
AON,Financial Services
AOS,Industrials
AOSL,Technology
APA,Energy
APD,Basic Materials
APDN,Healthcare
APEI,Consumer Defensive
APH,Technology
APO,Financial Services
APOG,Industrials
APPS,Technology
APTV,Consumer Cyclical
APWC,Industrials
ARAY,Healthcare
ARCB,Industrials
ARCC,Financial Services
ARCT,Healthcare
ARDX,Healthcare
ARE,Real Estate
ARKR,Consumer Cyclical
ARLP,Energy
AROW,Financial Services
ARQ,Industrials
ARTNA,Utilities
ARTW,Industrials
ARWR,Healthcare
ASMB,Healthcare
ASML,Technology
ASPS,Real Estate
ASRT,Healthcare
ASRV,Financial Services
ASTC,Technology
ASTE,Industrials
ASTH,Healthcare
ASUR,Technology
ASYS,Technology
ATEC,Healthcare
ATHE,Healthcare
ATLC,Financial Services
ATLO,Financial Services
ATNI,Communication Services
ATO,Utilities
ATOS,Healthcare
ATRA,Healthcare
ATRC,Healthcare
ATRO,Industrials
AUBN,Financial Services
AUDC,Technology
AUPH,Healthcare
AVAV,Industrials
AVB,Real Estate
AVDL,Healthcare
AVGO,Technology
AVNW,Technology
AVT,Technology
AVXL,Healthcare
AVY,Consumer Cyclical
AWK,Utilities
AWRE,Technology
AXGN,Healthcare
AXON,Industrials
AXP,Financial Services
AXTI,Technology
AYRO,Consumer Cyclical
AYTU,Healthcare
AZN,Healthcare
AZO,Consumer Cyclical
AZTA,Healthcare
BA,Industrials
BAC,Financial Services
BALL,Consumer Cyclical
BANF,Financial Services
BANFP,N/A
BANR,Financial Services
BANX,Financial Services
BAX,Healthcare
BBGI,Communication Services
BBSI,Industrials
BBY,Consumer Cyclical
BCAL,Financial Services
BCBP,Financial Services
BCDA,Healthcare
BCLI,Healthcare
BCML,Financial Services
BCPC,Basic Materials
BCRX,Healthcare
BCTX,Healthcare
BDX,Healthcare
BEEM,Technology
BELFA,Technology
BELFB,Technology
BEN,Financial Services
BFC,Financial Services
BFIN,Financial Services
BG,Consumer Defensive
BGC,Financial Services
BGFV,Consumer Cyclical
BHRB,Financial Services
BIDU,Communication Services
BIIB,Healthcare
BJRI,Consumer Cyclical
BK,Financial Services
BKNG,Consumer Cyclical
BKR,Energy
BKYI,Industrials
BLBD,Industrials
BLDP,Industrials
BLDR,Industrials
BLFS,Healthcare
BLIN,Technology
BLK,Financial Services
BLKB,Technology
BLMN,Consumer Cyclical
BLNK,Industrials
BLRX,Healthcare
BMRA,Healthcare
BMRC,Financial Services
BMRN,Healthcare
BMY,Healthcare
BNTC,Healthcare
BOKF,Financial Services
BOOM,Industrials
BOSC,Technology
BOTJ,Financial Services
BPOP,Financial Services
BPOPM,N/A
BR,Technology
BRFH,Consumer Defensive
BRID,Consumer Defensive
BRKL,Financial Services
BRKR,Healthcare
BRO,Financial Services
BRTX,Healthcare
BSET,Consumer Cyclical
BSGM,Healthcare
BSRR,Financial Services
BSX,Healthcare
BTCS,Financial Services
BUSE,Financial Services
BVFL,Financial Services
BWEN,Industrials
BWFG,Financial Services
BX,Financial Services
BXP,Real Estate
BYFC,Financial Services
BYRN,Industrials
C,Financial Services
CAAS,Consumer Cyclical
CAC,Financial Services
CACC,Financial Services
CAG,Consumer Defensive
CAH,Healthcare
CAKE,Consumer Cyclical
CALM,Consumer Defensive
CAMT,Technology
CAPR,Healthcare
CAPS,Basic Materials
CAR,Industrials
CARE,Financial Services
CARM,Healthcare
CARV,Financial Services
CASH,Financial Services
CASI,Healthcare
CASS,Industrials
CASY,Consumer Cyclical
CAT,Industrials
CATY,Financial Services
CB,Financial Services
CBAT,Industrials
CBFV,Financial Services
CBOE,Financial Services
CBRE,Real Estate
CBRL,Consumer Cyclical
CBSH,Financial Services
CCBG,Financial Services
CCEC,Industrials
CCEP,Consumer Defensive
CCI,Real Estate
CCL,Consumer Cyclical
CCLD,Healthcare
CCNE,Financial Services
CCOI,Communication Services
CCRN,Healthcare
CDNA,Healthcare
CDNS,Technology
CDW,Technology
CDXS,Healthcare
CDZI,Utilities
CECO,Industrials
CELH,Consumer Defensive
CENN,Consumer Cyclical
CENT,Consumer Defensive
CENTA,Consumer Defensive
CENX,Basic Materials
CERS,Healthcare
CEVA,Technology
CF,Basic Materials
CFBK,Financial Services
CFFI,Financial Services
CFFN,Financial Services
CFG,Financial Services
CG,Financial Services
CGC,Healthcare
CGEN,Healthcare
CGNX,Technology
CGO,Financial Services
CHCI,Real Estate
CHCO,Financial Services
CHD,Consumer Defensive
CHDN,Consumer Cyclical
CHEF,Consumer Defensive
CHI,Financial Services
CHKP,Technology
CHMG,Financial Services
CHNR,Industrials
CHRD,Energy
CHRS,Healthcare
CHRW,Industrials
CHSCM,Consumer Defensive
CHSCN,Consumer Defensive
CHSCO,Consumer Defensive
CHSCP,Consumer Defensive
CHTR,Communication Services
CHW,Financial Services
CHY,Financial Services
CI,Healthcare
CIGI,Real Estate
CIIT,Technology
CINF,Financial Services
CIVB,Financial Services
CL,Consumer Defensive
CLAR,Consumer Cyclical
CLDX,Healthcare
CLFD,Technology
CLIR,Industrials
CLMB,Technology
CLMT,Basic Materials
CLNE,Energy
CLPT,Healthcare
CLRB,Healthcare
CLRO,Technology
CLWT,Industrials
CLX,Consumer Defensive
CMCO,Industrials
CMCSA,Communication Services
CMCT,Real Estate
CME,Financial Services
CMG,Consumer Cyclical
CMI,Industrials
CMPR,Industrials
CMS,Utilities
CMTL,Technology
CNC,Healthcare
CNET,Communication Services
CNOB,Financial Services
CNP,Utilities
CNTY,Consumer Cyclical
CNVS,Communication Services
CNXN,Technology
COCP,Healthcare
CODA,Industrials
COF,Financial Services
COFS,Financial Services
COHU,Technology
COKE,Consumer Defensive
COLB,Financial Services
COLM,Consumer Cyclical
COMM,Technology
COO,Healthcare
COOP,Financial Services
COP,Energy
COR,Healthcare
CORT,Healthcare
COSM,Healthcare
COST,Consumer Defensive
CPAY,Technology
CPB,Consumer Defensive
CPHC,Consumer Cyclical
CPIX,Healthcare
CPRT,Industrials
CPRX,Healthcare
CPSH,Technology
CPSS,Financial Services
CPT,Real Estate
CRAI,Industrials
CRBP,Healthcare
CRDF,Healthcare
CREG,Utilities
CRESY,Industrials
CREX,Technology
CRIS,Healthcare
CRL,Healthcare
CRM,Technology
CRMD,Healthcare
CRMT,Consumer Cyclical
CRNT,Technology
CROX,Consumer Cyclical
CRTO,Communication Services
CRUS,Technology
CRVL,Financial Services
CRVO,Healthcare
CRWS,Consumer Cyclical
CSBR,Healthcare
CSCI,Healthcare
CSCO,Technology
CSGP,Real Estate
CSGS,Technology
CSIQ,Technology
CSPI,Technology
CSQ,Financial Services
CSTE,Industrials
CSWC,Financial Services
CSX,Industrials
CTAS,Industrials
CTBI,Financial Services
CTLP,Technology
CTRA,Energy
CTRN,Consumer Cyclical
CTSH,Technology
CTSO,Healthcare
CTXR,Healthcare
CUBA,Financial Services
CVBF,Financial Services
CVCO,Consumer Cyclical
CVGI,Consumer Cyclical
CVGW,Consumer Defensive
CVLT,Technology
CVS,Healthcare
CVV,Industrials
CVX,Energy
CWBC,Financial Services
CWCO,Utilities
CWST,Industrials
CYBR,Technology
CYCC,Healthcare
CYCCP,Healthcare
CYRX,Industrials
CYTK,Healthcare
CZFS,Financial Services
CZNC,Financial Services
CZR,Consumer Cyclical
CZWI,Financial Services
D,Utilities
DAIO,Technology
DAKT,Technology
DAL,Industrials
DARE,Healthcare
DBVT,Healthcare
DCOM,Financial Services
DD,Basic Materials
DE,Industrials
DECK,Consumer Cyclical
DENN,Consumer Cyclical
DG,Consumer Defensive
DGICA,Financial Services
DGICB,Financial Services
DGII,Technology
DGLY,Communication Services
DGX,Healthcare
DHC,Real Estate
DHCNI,N/A
DHI,Consumer Cyclical
DHIL,Financial Services
DHR,Healthcare
DIOD,Technology
DIS,Communication Services
DJCO,Technology
DLHC,Industrials
DLPN,Communication Services
DLR,Real Estate
DLTR,Consumer Defensive
DMAC,Healthcare
DMLP,Energy
DMRC,Technology
DOC,Real Estate
DOMH,Financial Services
DOOO,Consumer Cyclical
DORM,Consumer Cyclical
DOV,Industrials
DOX,Technology
DPZ,Consumer Cyclical
DRI,Consumer Cyclical
DRRX,Healthcare
DRS,Industrials
DSGR,Industrials
DSGX,Technology
DSWL,Technology
DTE,Utilities
DTST,Technology
DUK,Utilities
DVA,Healthcare
DVAX,Healthcare
DVN,Energy
DWSN,Energy
DXCM,Healthcare
DXLG,Consumer Cyclical
DXPE,Industrials
DXR,Healthcare
DYAI,Healthcare
EA,Communication Services
EBAY,Consumer Cyclical
EBMT,Financial Services
EBTC,Financial Services
ECL,Basic Materials
ECPG,Financial Services
ED,Utilities
EDAP,Healthcare
EDSA,Healthcare
EDUC,Communication Services
EEFT,Technology
EFOI,Consumer Cyclical
EFSC,Financial Services
EFSI,Financial Services
EFX,Industrials
EG,Financial Services
EGAN,Technology
EGBN,Financial Services
EHTH,Financial Services
EIX,Utilities
EKSO,Healthcare
EL,Consumer Defensive
ELDN,Healthcare
ELSE,Technology
ELTK,Technology
ELV,Healthcare
ELVA,Industrials
EML,Industrials
EMN,Basic Materials
EMR,Industrials
ENLV,Healthcare
ENPH,Technology
ENSG,Healthcare
ENTA,Healthcare
ENTG,Technology
EOG,Energy
EPAM,Technology
EPSN,Energy
EQIX,Real Estate
EQR,Real Estate
EQT,Energy
ERIC,Technology
ERIE,Financial Services
ERII,Industrials
ERNA,Healthcare
ES,Utilities
ESCA,Consumer Cyclical
ESEA,Industrials
ESGR,Financial Services
ESLT,Industrials
ESOA,Industrials
ESPR,Healthcare
ESS,Real Estate
ESSA,Financial Services
ETN,Industrials
ETR,Utilities
EU,Energy
EVGN,Healthcare
EVO,Healthcare
EVOK,Healthcare
EVRG,Utilities
EW,Healthcare
EWBC,Financial Services
EXAS,Healthcare
EXC,Utilities
EXEL,Healthcare
EXLS,Technology
EXPD,Industrials
EXPE,Consumer Cyclical
EXPO,Industrials
EXR,Real Estate
EXTR,Technology
EYPT,Healthcare
EZPW,Financial Services
F,Consumer Cyclical
FANG,Energy
FARM,Consumer Defensive
FARO,Technology
FAST,Industrials
FATE,Healthcare
FBIO,Healthcare
FBIZ,Financial Services
FBNC,Financial Services
FCAP,Financial Services
FCBC,Financial Services
FCCO,Financial Services
FCEL,Industrials
FCFS,Financial Services
FCNCA,Financial Services
FCUV,Technology
FCX,Basic Materials
FDBC,Financial Services
FDS,Financial Services
FDUS,Financial Services
FDX,Industrials
FE,Utilities
FEIM,Technology
FELE,Industrials
FER,Industrials
FFBC,Financial Services
FFIC,Financial Services
FFIN,Financial Services
FFIV,Technology
FGBI,Financial Services
FGEN,Healthcare
FGF,Financial Services
FI,Technology
FIBK,Financial Services
FICO,Technology
FIS,Technology
FISI,Financial Services
FITB,Financial Services
FITBI,Financial Services
FIVE,Consumer Cyclical
FIVN,Technology
FIZZ,Consumer Defensive
FKWL,Technology
FLEX,Technology
FLL,Consumer Cyclical
FLNT,Communication Services
FLWS,Consumer Cyclical
FLXS,Consumer Cyclical
FMAO,Financial Services
FMBH,Financial Services
FMNB,Financial Services
FNLC,Financial Services
FNWD,Financial Services
FOLD,Healthcare
FONR,Healthcare
FORD,Consumer Cyclical
FORM,Technology
FORR,Industrials
FORTY,Technology
FOSL,Consumer Cyclical
FOXF,Consumer Cyclical
FPAY,Industrials
FRAF,Financial Services
FRBA,Financial Services
FRD,Basic Materials
FRME,Financial Services
FRPH,Real Estate
FRPT,Consumer Defensive
FRST,Financial Services
FRT,Real Estate
FSBW,Financial Services
FSFG,Financial Services
FSK,Financial Services
FSLR,Technology
FSTR,Industrials
FTEK,Industrials
FTFT,Technology
FTLF,Consumer Defensive
FTNT,Technology
FULT,Financial Services
FUNC,Financial Services
FUND,Financial Services
FUSB,Financial Services
FWONA,Communication Services
FWONK,Communication Services
FWRD,Industrials
FXNC,Financial Services
GABC,Financial Services
GAIA,Communication Services
GAIN,Financial Services
GALT,Healthcare
GASS,Industrials
GBDC,Financial Services
GCBC,Financial Services
GCTK,Healthcare
GD,Industrials
GDEN,Consumer Cyclical
GE,Industrials
GEG,Financial Services
GEN,Technology
GEOS,Energy
GERN,Healthcare
GEVO,Basic Materials
GGAL,Financial Services
GIFI,Industrials
GIGM,Communication Services
GIII,Consumer Cyclical
GILD,Healthcare
GILT,Technology
GIS,Consumer Defensive
GL,Financial Services
GLAD,Financial Services
GLBS,Industrials
GLBZ,Financial Services
GLDD,Industrials
GLMD,Healthcare
GLNG,Energy
GLPG,Healthcare
GLPI,Real Estate
GLRE,Financial Services
GLW,Technology
GLYC,Healthcare
GM,Consumer Cyclical
GMAB,Healthcare
GMGI,Communication Services
GNRC,Industrials
GNSS,Technology
GNTX,Consumer Cyclical
GOGL,Industrials
GOGO,Communication Services
GOOD,Real Estate
GOOG,Communication Services
GOOGL,Communication Services
GPC,Consumer Cyclical
GPN,Industrials
GPRE,Basic Materials
GPRO,Technology
GRCE,Healthcare
GREE,Financial Services
GRFS,Healthcare
GRMN,Technology
GROW,Financial Services
GRPN,Communication Services
GRVY,Communication Services
GS,Financial Services
GSAT,Communication Services
GSBC,Financial Services
GSIT,Technology
GSM,Basic Materials
GT,Consumer Cyclical
GTIM,Consumer Cyclical
GURE,Basic Materials
GWW,Industrials
GYRE,Healthcare
HAFC,Financial Services
HAIN,Consumer Defensive
HAL,Energy
HALO,Healthcare
HAS,Consumer Cyclical
HBAN,Financial Services
HBCP,Financial Services
HBIO,Healthcare
HBNC,Financial Services
HCA,Healthcare
HCKT,Technology
HCSG,Healthcare
HD,Consumer Cyclical
HDSN,Basic Materials
HELE,Consumer Defensive
HES,Energy
HFBL,Financial Services
HFWA,Financial Services
HGBL,Financial Services
HHS,Industrials
HIFS,Financial Services
HIG,Financial Services
HIHO,Industrials
HII,Industrials
HIMX,Technology
HIVE,Financial Services
HLIT,Technology
HLT,Consumer Cyclical
HMST,Financial Services
HNNA,Financial Services
HNRG,Energy
HOFT,Consumer Cyclical
HOLX,Healthcare
HON,Industrials
HOPE,Financial Services
HOVNP,N/A
HPQ,Technology
HQI,Industrials
HQY,Healthcare
HRL,Consumer Defensive
HROW,Healthcare
HRTX,Healthcare
HRZN,Financial Services
HSDT,Healthcare
HSIC,Healthcare
HSII,Industrials
HSON,Industrials
HST,Real Estate
HSTM,Healthcare
HSY,Consumer Defensive
HTBK,Financial Services
HTHT,Consumer Cyclical
HTLD,Industrials
HTO,Utilities
HUBB,Industrials
HUBG,Industrials
HUM,Healthcare
HURA,Healthcare
HURC,Industrials
HURN,Industrials
HWBK,Financial Services
HWC,Financial Services
HWKN,Basic Materials
IAC,Communication Services
IART,Healthcare
IBCP,Financial Services
IBIO,Healthcare
IBKR,Financial Services
IBM,Technology
IBOC,Financial Services
ICAD,Healthcare
ICCC,Healthcare
ICE,Financial Services
ICFI,Industrials
ICLR,Healthcare
ICMB,Financial Services
ICUI,Healthcare
IDCC,Technology
IDN,Technology
IDXX,Healthcare
IEP,Energy
IESC,Industrials
IEX,Industrials
IFF,Basic Materials
III,Technology
ILMN,Healthcare
IMKTA,Consumer Defensive
IMMP,Healthcare
IMMR,Technology
IMNN,Healthcare
IMOS,Technology
IMUX,Healthcare
INBK,Financial Services
INCY,Healthcare
INDB,Financial Services
INDV,Healthcare
INGN,Healthcare
INM,Healthcare
INO,Healthcare
INOD,Technology
INSE,Consumer Cyclical
INSG,Technology
INSM,Healthcare
INTC,Technology
INTG,Consumer Cyclical
INTU,Technology
INTZ,Technology
INVA,Healthcare
INVE,Industrials
IONS,Healthcare
IOSP,Basic Materials
IOVA,Healthcare
IP,Consumer Cyclical
IPA,Healthcare
IPAR,Consumer Defensive
IPDN,Industrials
IPG,Communication Services
IPGP,Technology
IPM,Technology
IPWR,Industrials
IQV,Healthcare
IRBT,Consumer Cyclical
IRD,Healthcare
IRDM,Communication Services
IRIX,Healthcare
IRM,Real Estate
IRMD,Healthcare
IROQ,Financial Services
IRWD,Healthcare
ISBA,Financial Services
ISRG,Healthcare
ISSC,Industrials
ISTR,Financial Services
IT,Technology
ITIC,Financial Services
ITRI,Technology
ITRN,Technology
ITW,Industrials
IVDA,Industrials
IVZ,Financial Services
IZEA,Communication Services
J,Industrials
JACK,Consumer Cyclical
JAKK,Consumer Cyclical
JAZZ,Healthcare
JBHT,Industrials
JBL,Technology
JBLU,Industrials
JBSS,Consumer Defensive
JCI,Industrials
JCTC,Basic Materials
JD,Consumer Cyclical
JJSF,Consumer Defensive
JKHY,Technology
JNJ,Healthcare
JNPR,Technology
JOUT,Consumer Cyclical
JOYY,Communication Services
JPM,Financial Services
JRVR,Financial Services
JSM,N/A
JVA,Consumer Defensive
JXG,Consumer Cyclical
JYNT,Healthcare
K,Consumer Defensive
KALU,Basic Materials
KDP,Consumer Defensive
KE,Industrials
KELYA,Industrials
KELYB,Industrials
KEQU,Consumer Cyclical
KEY,Financial Services
KEYS,Technology
KFFB,Financial Services
KG,Financial Services
KGEI,Energy
KIM,Real Estate
KINS,Financial Services
KIRK,Consumer Cyclical
KKR,Financial Services
KLAC,Technology
KLIC,Technology
KMB,Consumer Defensive
KMDA,Healthcare
KMI,Energy
KMX,Consumer Cyclical
KNDI,Consumer Cyclical
KO,Consumer Defensive
KOPN,Technology
KOSS,Technology
KPTI,Healthcare
KR,Consumer Defensive
KRMD,Healthcare
KRNY,Financial Services
KTCC,Technology
KTOS,Industrials
KVHI,Communication Services
KZIA,Healthcare
L,Financial Services
LAB,Healthcare
LAKE,Consumer Cyclical
LAMR,Real Estate
LANC,Consumer Defensive
LAND,Real Estate
LARK,Financial Services
LBRDA,Communication Services
LBRDK,Communication Services
LBTYA,Communication Services
LBTYB,Communication Services
LBTYK,Communication Services
LCNB,Financial Services
LCUT,Consumer Cyclical
LDOS,Technology
LDWY,Communication Services
LE,Consumer Cyclical
LECO,Industrials
LEDS,Technology
LEE,Communication Services
LEN,Consumer Cyclical
LFCR,Healthcare
LFMD,Healthcare
LFUS,Technology
LFVN,Consumer Defensive
LFWD,Healthcare
LGIH,Consumer Cyclical
LGND,Healthcare
LGO,Basic Materials
LH,Healthcare
LHX,Industrials
LII,Industrials
LIN,Basic Materials
LINC,Consumer Defensive
LIND,Consumer Cyclical
LINK,Technology
LIQT,Industrials
LIVE,Consumer Cyclical
LIXT,Healthcare
LKFN,Financial Services
LKQ,Consumer Cyclical
LLY,Healthcare
LMAT,Healthcare
LMB,Industrials
LMNR,Consumer Defensive
LMT,Industrials
LNT,Utilities
LNW,Consumer Cyclical
LOAN,Real Estate
LOCO,Consumer Cyclical
LOGI,Technology
LOPE,Consumer Defensive
LOW,Consumer Cyclical
LPCN,Healthcare
LPLA,Financial Services
LPSN,Technology
LPTH,Technology
LQDT,Consumer Cyclical
LRCX,Technology
LRFC,Financial Services
LRMR,Healthcare
LSAK,Technology
LSBK,Financial Services
LSCC,Technology
LSTA,Healthcare
LSTR,Industrials
LTBR,Industrials
LTRX,Technology
LULU,Consumer Cyclical
LUV,Industrials
LVS,Consumer Cyclical
LWAY,Consumer Defensive
LWLG,Basic Materials
LXRX,Healthcare
LYB,Basic Materials
LYTS,Technology
LYV,Communication Services
MA,Financial Services
MAA,Real Estate
MANH,Technology
MAR,Consumer Cyclical
MARA,Financial Services
MARPS,Energy
MAS,Industrials
MASI,Healthcare
MAT,Consumer Cyclical
MATW,Industrials
MAYS,Real Estate
MBCN,Financial Services
MBOT,Healthcare
MBUU,Consumer Cyclical
MBWM,Financial Services
MCD,Consumer Cyclical
MCHP,Technology
MCHX,Communication Services
MCK,Healthcare
MCO,Financial Services
MCRI,Consumer Cyclical
MCVT,Financial Services
MDGL,Healthcare
MDLZ,Consumer Defensive
MDT,Healthcare
MDWD,Healthcare
MDXG,Healthcare
MEIP,Healthcare
MELI,Consumer Cyclical
MEOH,Basic Materials
MERC,Basic Materials
MESO,Healthcare
MET,Financial Services
META,Communication Services
MFIC,Financial Services
MFIN,Financial Services
MGEE,Utilities
MGIC,Technology
MGM,Consumer Cyclical
MGNI,Communication Services
MGNX,Healthcare
MGPI,Consumer Defensive
MGRC,Industrials
MGYR,Financial Services
MHK,Consumer Cyclical
MIDD,Industrials
MIGI,Financial Services
MIND,Technology
MINM,Technology
MITK,Technology
MKC,Consumer Defensive
MKSI,Technology
MKTX,Financial Services
MLAB,Technology
MLCO,Consumer Cyclical
MLKN,Consumer Cyclical
MLM,Basic Materials
MMC,Financial Services
MMLP,Energy
MMM,Industrials
MMSI,Healthcare
MMYT,Consumer Cyclical
MNDO,Technology
MNKD,Healthcare
MNOV,Healthcare
MNRO,Consumer Cyclical
MNSB,Financial Services
MNST,Consumer Defensive
MO,Consumer Defensive
MODV,Healthcare
MOFG,Financial Services
MOH,Healthcare
MOMO,Communication Services
MORN,Financial Services
MOS,Basic Materials
MPAA,Consumer Cyclical
MPB,Financial Services
MPC,Energy
MPWR,Technology
MRCC,Financial Services
MRCY,Industrials
MRIN,Technology
MRK,Healthcare
MRKR,Healthcare
MRTN,Industrials
MRVL,Technology
MS,Financial Services
MSCI,Financial Services
MSEX,Utilities
MSFT,Technology
MSI,Technology
MSTR,Technology
MTB,Financial Services
MTCH,Communication Services
MTD,Healthcare
MTEX,Consumer Defensive
MTLS,Technology
MTRX,Industrials
MTSI,Technology
MU,Technology
MULN,Consumer Cyclical
MVBF,Financial Services
MVIS,Technology
MXL,Technology
MYGN,Healthcare
MYRG,Industrials
NAGE,Healthcare
NAII,Consumer Defensive
NATH,Consumer Cyclical
NATR,Consumer Defensive
NAVI,Financial Services
NBIX,Healthcare
NBN,Financial Services
NBTB,Financial Services
NCLH,Consumer Cyclical
NCMI,Communication Services
NCPL,Financial Services
NCTY,Financial Services
NDAQ,Financial Services
NDLS,Consumer Cyclical
NDSN,Industrials
NECB,Financial Services
NEE,Utilities
NEGG,Consumer Cyclical
NEM,Basic Materials
NEO,Healthcare
NEOG,Healthcare
NEON,Technology
NEPH,Healthcare
NERV,Healthcare
NEWT,Financial Services
NFBK,Financial Services
NFLX,Communication Services
NGNE,Healthcare
NHTC,Consumer Cyclical
NI,Utilities
NICE,Technology
NITO,Basic Materials
NIXX,Industrials
NKE,Consumer Cyclical
NKSH,Financial Services
NKTR,Healthcare
NMFC,Financial Services
NMIH,Financial Services
NNBR,Industrials
NOC,Industrials
NOTV,Healthcare
NOVT,Technology
NOW,Technology
NRC,Healthcare
NRG,Utilities
NRIM,Financial Services
NSC,Industrials
NSIT,Technology
NSPR,Healthcare
NSSC,Industrials
NSYS,Healthcare
NTAP,Technology
NTCT,Technology
NTES,Communication Services
NTGR,Technology
NTIC,Basic Materials
NTRP,Consumer Cyclical
NTRS,Financial Services
NTWK,Technology
NUE,Basic Materials
NUWE,Healthcare
NVAX,Healthcare
NVDA,Technology
NVEC,Technology
NVEE,Industrials
NVFY,Consumer Cyclical
NVMI,Technology
NVR,Consumer Cyclical
NWBI,Financial Services
NWE,Utilities
NWFL,Financial Services
NWL,Consumer Defensive
NWPX,Basic Materials
NWS,Communication Services
NWSA,Communication Services
NXPI,Technology
NXPL,Technology
NXST,Communication Services
NYMT,Real Estate
O,Real Estate
OBLG,Technology
OBT,Financial Services
OCC,Technology
OCFC,Financial Services
OCGN,Healthcare
OCSL,Financial Services
OCUL,Healthcare
ODFL,Industrials
ODP,Consumer Cyclical
OESX,Consumer Cyclical
OFIX,Healthcare
OFLX,Industrials
OFS,Financial Services
OKE,Energy
OLB,Technology
OLED,Technology
OMAB,Industrials
OMC,Communication Services
OMCC,Financial Services
OMCL,Healthcare
OMER,Healthcare
OMEX,Basic Materials
ON,Technology
ONB,Financial Services
ONCY,Healthcare
OPBK,Financial Services
OPCH,Healthcare
OPI,Real Estate
OPK,Healthcare
OPOF,Financial Services
OPRX,Healthcare
OPXS,Industrials
ORCL,Technology
ORKA,Healthcare
ORLY,Consumer Cyclical
ORMP,Healthcare
ORRF,Financial Services
OSBC,Financial Services
OSIS,Technology
OSPN,Technology
OSUR,Healthcare
OTEX,Technology
OTRK,Healthcare
OTTR,Industrials
OVBC,Financial Services
OVLY,Financial Services
OXBR,Financial Services
OXLC,Financial Services
OXSQ,Financial Services
OXY,Energy
OZK,Financial Services
PAA,Energy
PACB,Healthcare
PAGP,Energy
PAHC,Healthcare
PALI,Healthcare
PAMT,Industrials
PANL,Industrials
PANW,Technology
PARA,Communication Services
PATK,Consumer Cyclical
PAYC,Technology
PAYS,Technology
PAYX,Technology
PBHC,Financial Services
PBPB,Consumer Cyclical
PBYI,Healthcare
PCAR,Industrials
PCG,Utilities
PCH,Real Estate
PCRX,Healthcare
PCSA,Healthcare
PCTY,Technology
PCYO,Utilities
PDEX,Healthcare
PDFS,Technology
PEBK,Financial Services
PEBO,Financial Services
PEG,Utilities
PEGA,Technology
PENN,Consumer Cyclical
PEP,Consumer Defensive
PERI,Communication Services
PESI,Industrials
PETS,Healthcare
PFBC,Financial Services
PFE,Healthcare
PFG,Financial Services
PFIS,Financial Services
PFX,Financial Services
PG,Consumer Defensive
PGC,Financial Services
PGEN,Healthcare
PGR,Financial Services
PH,Industrials
PHIO,Healthcare
PHLT,Healthcare
PHM,Consumer Cyclical
PINC,Healthcare
PKBK,Financial Services
PKG,Consumer Cyclical
PKOH,Industrials
PLAB,Technology
PLAY,Communication Services
PLBC,Financial Services
PLCE,Consumer Cyclical
PLD,Real Estate
PLPC,Industrials
PLUG,Industrials
PLUR,Healthcare
PLUS,Technology
PLXS,Technology
PM,Consumer Defensive
PMCB,Healthcare
PMN,Healthcare
PNBK,Financial Services
PNC,Financial Services
PNFP,Financial Services
PNR,Industrials
PNRG,Energy
PNW,Utilities
POAI,Healthcare
POCI,Healthcare
PODD,Healthcare
POET,Technology
POOL,Industrials
POWI,Technology
POWL,Industrials
PPBI,Financial Services
PPC,Consumer Defensive
PPG,Basic Materials
PPIH,Industrials
PPL,Utilities
PPSI,Industrials
PRAA,Financial Services
PRDO,Consumer Defensive
PRGS,Technology
PROP,Energy
PROV,Financial Services
PRPH,Healthcare
PRQR,Healthcare
PRSO,Technology
PRTA,Healthcare
PRTG,Healthcare
PRTS,Consumer Cyclical
PRU,Financial Services
PSA,Real Estate
PSEC,Financial Services
PSHG,Industrials
PSIX,Industrials
PSMT,Consumer Defensive
PSTV,Healthcare
PSX,Energy
PTC,Technology
PTCT,Healthcare
PTEN,Energy
PTMN,Financial Services
PULM,Healthcare
PVLA,Healthcare
PWOD,Financial Services
PWR,Industrials
PXLW,Technology
PZZA,Consumer Cyclical
QCOM,Technology
QCRH,Financial Services
QDEL,Healthcare
QIPT,Healthcare
QLYS,Technology
QMCO,Technology
QNST,Communication Services
QQQX,Financial Services
QRHC,Industrials
QRVO,Technology
QUBT,Technology
QUIK,Technology
QURE,Healthcare
QVCGA,Consumer Cyclical
RAIL,Industrials
RAND,Financial Services
RARE,Healthcare
RAVE,Consumer Cyclical
RBBN,Technology
RBCAA,Financial Services
RCAT,Technology
RCEL,Healthcare
RCKY,Consumer Cyclical
RCL,Consumer Cyclical
RCMT,Industrials
RCON,Energy
RDCM,Communication Services
RDGT,Healthcare
RDHL,Healthcare
RDI,Communication Services
RDIB,Communication Services
RDNT,Healthcare
RDUS,Basic Materials
RDWR,Technology
REFR,Technology
REG,Real Estate
REGN,Healthcare
RELL,Technology
RF,Financial Services
RFIL,Industrials
RGCO,Utilities
RGEN,Healthcare
RGLD,Basic Materials
RGLS,Healthcare
RGP,Industrials
RGS,Consumer Cyclical
RICK,Consumer Cyclical
RIGL,Healthcare
RILY,Financial Services
RIME,Technology
RJF,Financial Services
RL,Consumer Cyclical
RLMD,Healthcare
RMBS,Technology
RMCF,Consumer Defensive
RMD,Healthcare
RMTI,Healthcare
ROCK,Industrials
ROK,Industrials
ROL,Consumer Cyclical
ROP,Technology
ROST,Consumer Cyclical
RRGB,Consumer Cyclical
RSG,Industrials
RSSS,Technology
RTX,Industrials
RUSHA,Consumer Cyclical
RUSHB,Consumer Cyclical
RVSB,Financial Services
RVTY,Healthcare
RVYL,Technology
RYAAY,Industrials
RZLT,Healthcare
SABR,Technology
SAFT,Financial Services
SAGE,Healthcare
SAIA,Industrials
SAIC,Technology
SAMG,Financial Services
SANG,Technology
SANM,Technology
SANW,Basic Materials
SATS,Communication Services
SAVA,Healthcare
SBAC,Real Estate
SBCF,Financial Services
SBET,Consumer Cyclical
SBFG,Financial Services
SBGI,Communication Services
SBLK,Industrials
SBRA,Real Estate
SBUX,Consumer Cyclical
SCHL,Communication Services
SCHW,Financial Services
SCKT,Technology
SCNX,Healthcare
SCOR,Communication Services
SCSC,Technology
SCVL,Consumer Cyclical
SCWO,Industrials
SCYX,Healthcare
SEED,Basic Materials
SEIC,Financial Services
SELF,Real Estate
SENEA,Consumer Defensive
SENEB,Consumer Defensive
SEVN,Real Estate
SFBC,Financial Services
SFM,Consumer Defensive
SFNC,Financial Services
SFST,Financial Services
SGA,Communication Services
SGC,Consumer Cyclical
SGLY,Industrials
SGMA,Technology
SGMO,Healthcare
SGRP,Industrials
SHBI,Financial Services
SHEN,Communication Services
SHIP,Industrials
SHOO,Consumer Cyclical
SHW,Basic Materials
SHYF,Industrials
SIEB,Financial Services
SIFY,Communication Services
SIGA,Healthcare
SIGI,Financial Services
SILC,Technology
SIMO,Technology
SINT,Healthcare
SIRI,Communication Services
SJM,Consumer Defensive
SKYW,Industrials
SLAB,Technology
SLB,Energy
SLM,Financial Services
SLMBP,Financial Services
SLNG,Energy
SLNH,Financial Services
SLNO,Healthcare
SLP,Healthcare
SLRC,Financial Services
SLS,Healthcare
SLSN,Consumer Defensive
SMBC,Financial Services
SMCI,Technology
SMID,Basic Materials
SMLR,Healthcare
SMSI,Technology
SMTC,Technology
SMTI,Healthcare
SNA,Industrials
SNBR,Consumer Cyclical
SNCR,Technology
SNEX,Financial Services
SNFCA,Financial Services
SNGX,Healthcare
SNOA,Healthcare
SNPS,Technology
SNT,Industrials
SNY,Healthcare
SO,Utilities
SOBR,Technology
SOHO,Real Estate
SOHU,Communication Services
SONN,Healthcare
SOTK,Technology
SOWG,Consumer Defensive
SPCB,Industrials
SPG,Real Estate
SPGI,Financial Services
SPNS,Technology
SPOK,Healthcare
SPSC,Technology
SPTN,Consumer Defensive
SPWH,Consumer Cyclical
SRCE,Financial Services
SRDX,Healthcare
SRE,Utilities
SRPT,Healthcare
SSBI,Financial Services
SSKN,Healthcare
SSNC,Technology
SSP,Communication Services
SSRM,Basic Materials
SSSS,Financial Services
SSYS,Technology
STAA,Healthcare
STBA,Financial Services
STE,Healthcare
STGW,Communication Services
STKL,Consumer Defensive
STKS,Consumer Cyclical
STLD,Basic Materials
STRA,Consumer Defensive
STRL,Industrials
STRM,Healthcare
STRR,Healthcare
STRS,Real Estate
STRT,Consumer Cyclical
STT,Financial Services
STX,Technology
STZ,Consumer Defensive
SUNE,Technology
SUPN,Healthcare
SVC,Real Estate
SWBI,Industrials
SWK,Industrials
SWKH,Financial Services
SWKS,Technology
SYBT,Financial Services
SYF,Financial Services
SYK,Healthcare
SYNA,Technology
SYPR,Consumer Cyclical
SYY,Consumer Defensive
T,Communication Services
TACT,Technology
TAIT,Technology
TAOP,Technology
TAP,Consumer Defensive
TARA,Healthcare
TATT,Industrials
TAYD,Industrials
TBBK,Financial Services
TBCH,Technology
TBPH,Healthcare
TBRG,Healthcare
TCBI,Financial Services
TCBK,Financial Services
TCOM,Consumer Cyclical
TCPC,Financial Services
TCRT,Healthcare
TCX,Technology
TDG,Industrials
TDY,Technology
TECH,Healthcare
TEL,Technology
TENX,Healthcare
TER,Technology
TFC,Financial Services
TFIN,Financial Services
TFSL,Financial Services
TGT,Consumer Defensive
TGTX,Healthcare
THFF,Financial Services
THRM,Consumer Cyclical
THTX,Healthcare
TILE,Consumer Cyclical
TIPT,Financial Services
TITN,Industrials
TJX,Consumer Cyclical
TKO,Communication Services
TLF,Consumer Cyclical
TLPH,Healthcare
TMO,Healthcare
TMUS,Communication Services
TNDM,Healthcare
TNFA,Healthcare
TNXP,Healthcare
TOMZ,Industrials
TOUR,Consumer Cyclical
TOWN,Financial Services
TPCS,Industrials
TPL,Energy
TPR,Consumer Cyclical
TPST,Healthcare
TRAW,Healthcare
TREE,Financial Services
TRGP,Energy
TRI,Industrials
TRIB,Healthcare
TRIP,Consumer Cyclical
TRMB,Technology
TRMK,Financial Services
TRNS,Industrials
TROO,Financial Services
TROW,Financial Services
TRS,Consumer Cyclical
TRST,Financial Services
TRUE,Communication Services
TRUP,Financial Services
TRV,Financial Services
TSAT,Technology
TSBK,Financial Services
TSCO,Consumer Cyclical
TSEM,Technology
TSLA,Consumer Cyclical
TSN,Consumer Defensive
TSSI,Technology
TT,Industrials
TTEC,Technology
TTEK,Industrials
TTGT,Technology
TTMI,Technology
TTNP,Healthcare
TTSH,Consumer Cyclical
TTWO,Communication Services
TURN,Financial Services
TVRD,Healthcare
TVTX,Healthcare
TWIN,Industrials
TXMD,Healthcare
TXN,Technology
TXRH,Consumer Cyclical
TXT,Industrials
TYL,Technology
TZOO,Communication Services
UAL,Industrials
UBCP,Financial Services
UBFO,Financial Services
UBSI,Financial Services
UCTT,Technology
UDR,Real Estate
UEIC,Technology
UFCS,Financial Services
UFPI,Basic Materials
UFPT,Healthcare
UG,Consumer Defensive
UHS,Healthcare
ULBI,Industrials
ULH,Industrials
ULTA,Consumer Cyclical
UMBF,Financial Services
UNB,Financial Services
UNH,Healthcare
UNP,Industrials
UNTY,Financial Services
UONE,Communication Services
UONEK,Communication Services
UPBD,Technology
UPLD,Technology
UPS,Industrials
URBN,Consumer Cyclical
URI,Industrials
USAU,Basic Materials
USB,Financial Services
USEG,Energy
USIO,Technology
USLM,Basic Materials
UTHR,Healthcare
UTMD,Healthcare
UTSI,Technology
UVSP,Financial Services
V,Financial Services
VABK,Financial Services
VALU,Financial Services
VANI,Healthcare
VBIX,Communication Services
VBTX,Financial Services
VC,Consumer Cyclical
VCEL,Healthcare
VCYT,Healthcare
VECO,Technology
VEON,Communication Services
VERB,Technology
VERU,Healthcare
VIAV,Technology
VICR,Technology
VIRC,Consumer Cyclical
VIVK,Energy
VIVS,Healthcare
VLGEA,Consumer Defensive
VLO,Energy
VLY,Financial Services
VMC,Basic Materials
VNDA,Healthcare
VNET,Technology
VNOM,Energy
VOD,Communication Services
VRA,Consumer Cyclical
VRDN,Healthcare
VRME,Industrials
VRNS,Technology
VRNT,Technology
VRSK,Industrials
VRSN,Technology
VRTX,Healthcare
VS,Technology
VSA,Consumer Defensive
VSAT,Technology
VSEC,Industrials
VSTM,Healthcare
VTGN,Healthcare
VTR,Real Estate
VTRS,Healthcare
VTSI,Technology
VUZI,Technology
VXRT,Healthcare
VZ,Communication Services
WAB,Industrials
WABC,Financial Services
WAFD,Financial Services
WASH,Financial Services
WAT,Healthcare
WATT,Technology
WB,Communication Services
WBA,Healthcare
WBD,Communication Services
WDAY,Technology
WDC,Technology
WDFC,Basic Materials
WEC,Utilities
WELL,Real Estate
WEN,Consumer Cyclical
WERN,Industrials
WEYS,Consumer Cyclical
WFC,Financial Services
WFCF,Industrials
WHF,Financial Services
WHLR,Real Estate
WILC,Consumer Defensive
WINA,Consumer Cyclical
WINT,Healthcare
WIX,Technology
WKHS,Consumer Cyclical
WKSP,Consumer Cyclical
WLDN,Industrials
WLFC,Industrials
WM,Industrials
WMB,Energy
WMT,Consumer Defensive
WNEB,Financial Services
WPRT,Consumer Cyclical
WRB,Financial Services
WRLD,Financial Services
WSBC,Financial Services
WSBF,Financial Services
WSFS,Financial Services
WSM,Consumer Cyclical
WST,Healthcare
WTBA,Financial Services
WTFC,Financial Services
WTW,Financial Services
WULF,Financial Services
WVVI,Consumer Defensive
WWD,Industrials
WY,Real Estate
WYNN,Consumer Cyclical
XEL,Utilities
XELB,Consumer Cyclical
XENE,Healthcare
XNCR,Healthcare
XNET,Technology
XOM,Energy
XOMA,Healthcare
XRAY,Healthcare
XRX,Technology
XTIA,Industrials
XTLB,Healthcare
XWEL,Healthcare
XXII,Consumer Defensive
XYL,Industrials
YHGJ,Consumer Cyclical
YORW,Utilities
YUM,Consumer Cyclical
ZBH,Healthcare
ZBRA,Technology
ZD,Communication Services
ZEUS,Basic Materials
ZG,Communication Services
ZION,Financial Services
ZIONP,Financial Services
ZTEK,Healthcare
ZTS,Healthcare
ZUMZ,Consumer Cyclical
ZYXI,Healthcare
SKYE,Healthcare
CHSCL,Consumer Defensive
ASND,Healthcare
SLRX,Healthcare
WHLRP,Real Estate
FNWB,Financial Services
ATEX,Communication Services
KPRX,Healthcare
RCKT,Healthcare
CHEK,Healthcare
EPIX,Healthcare
CLLS,Healthcare
TANH,Consumer Defensive
SEDG,Technology
CCD,Financial Services
GDDY,Technology
KRNT,Industrials
MFH,Technology
GWAV,Industrials
KALV,Healthcare
CDTX,Healthcare
XBIT,Healthcare
ETSY,Consumer Cyclical
VIRT,Financial Services
ZVRA,Healthcare
UNIT,Real Estate
VKTX,Healthcare
BPMC,Healthcare
ENVB,Healthcare
ADAP,Healthcare
FVCB,Financial Services
ATYR,Healthcare
COLL,Healthcare
SCNI,Healthcare
JAGX,Healthcare
FTAI,Industrials
RKDA,Consumer Defensive
BZUN,Consumer Cyclical
SHOP,Technology
VVPR,Technology
NAOV,Healthcare
FSV,Real Estate
WING,Consumer Cyclical
NEXT,Energy
LILAK,Communication Services
QLGN,Healthcare
WTFCM,Financial Services
ATXS,Healthcare
CETX,Technology
LNTH,Healthcare
ALRM,Technology
APPF,Technology
MCRB,Healthcare
NTRA,Healthcare
LILA,Communication Services
KHC,Consumer Defensive
PYPL,Financial Services
OLLI,Consumer Defensive
PVBC,Financial Services
MCFT,Consumer Cyclical
RPD,Technology
LITE,Technology
IBRX,Healthcare
VTVT,Healthcare
AQMS,Industrials
Z,Communication Services
INDP,Healthcare
RUN,Technology
XYLO,Healthcare
CNFR,Financial Services
RMNI,Technology
KURA,Healthcare
RGNX,Healthcare
PDSB,Healthcare
SGRY,Healthcare
SYBX,Healthcare
NVCR,Healthcare
ACRS,Healthcare
CTMX,Healthcare
PMTS,Financial Services
AVTX,Healthcare
HPE,Technology
LIVN,Healthcare
PRPL,Consumer Cyclical
PXS,Energy
WSC,Industrials
CELZ,Healthcare
PLYA,Consumer Cyclical
VYGR,Healthcare
WVE,Healthcare
AXSM,Healthcare
DLTH,Consumer Cyclical
PPBT,Healthcare
BDRX,Healthcare
TEAM,Technology
RMR,Real Estate
LMFA,Financial Services
GDC,Communication Services
OCX,Healthcare
EDIT,Healthcare
ONC,Healthcare
ABAT,Basic Materials
SNDX,Healthcare
NNDM,Technology
DRIO,Healthcare
HCM,Healthcare
CRVS,Healthcare
RIOT,Financial Services
SYRE,Healthcare
BATRA,Communication Services
BATRK,Communication Services
RRR,Consumer Cyclical
GWRS,Utilities
NTLA,Healthcare
PLSE,Healthcare
MRUS,Healthcare
MSBI,Financial Services
CLSD,Healthcare
MBRX,Healthcare
OTLK,Healthcare
RNAC,Healthcare
HONE,Financial Services
XBIO,Healthcare
FTV,Technology
APVO,Healthcare
PI,Technology
TPIC,Industrials
SRTS,Healthcare
PAVM,Healthcare
TCMD,Healthcare
BLBX,Technology
QNRX,Healthcare
FHB,Financial Services
MTVA,Healthcare
ATOM,Technology
MYSZ,Technology
MEDP,Healthcare
PTGX,Healthcare
AIRG,Technology
DELL,Technology
WVVIP,Consumer Defensive
TTD,Communication Services
ACIU,Healthcare
SISI,Consumer Defensive
FLGT,Healthcare
NTNX,Technology
VST,Utilities
RSLS,Healthcare
WORX,Healthcare
MRAM,Technology
ENTO,Healthcare
TUSK,Industrials
CRSP,Healthcare
IRTC,Healthcare
BL,Technology
PHUN,Technology
HWM,Industrials
GDS,Technology
GECC,Financial Services
SND,Energy
LW,Consumer Defensive
MNMD,Healthcare
CLSK,Financial Services
PRTH,Technology
POLA,Industrials
SNES,Basic Materials
ICHR,Technology
CNDT,Technology
TRVG,Communication Services
YTRA,Consumer Cyclical
NISN,Industrials
BLNE,Consumer Defensive
ORGO,Healthcare
AQB,Consumer Defensive
VREX,Healthcare
LPTX,Healthcare
ANAB,Healthcare
INVH,Real Estate
LAUR,Consumer Defensive
RMBL,Consumer Cyclical
METC,Basic Materials
POWW,Industrials
HLNE,Financial Services
JMSB,Financial Services
BYSI,Healthcare
VIASP,Utilities
NODK,Financial Services
VRRM,Technology
IMXI,Technology
OKTA,Technology
FBRX,Healthcare
AFBI,Financial Services
NCSM,Energy
SVRA,Healthcare
VRNA,Healthcare
ZYME,Healthcare
URGN,Healthcare
OVID,Healthcare
IR,Industrials
VERI,Technology
MOGO,Technology
ARGX,Healthcare
PENG,Technology
APPN,Technology
ALT,Healthcare
DUOT,Technology
BPRN,Financial Services
SSTI,Technology
IMRN,Healthcare
CGBD,Financial Services
EVTV,Consumer Cyclical
FRSX,Consumer Cyclical
SGBX,Industrials
ATNF,Healthcare
ESQ,Financial Services
MRSN,Healthcare
RNTX,Healthcare
AREC,Basic Materials
NDRA,Healthcare
PRPO,Healthcare
CODX,Healthcare
BHF,Financial Services
CBUS,Healthcare
KALA,Healthcare
WHLRD,Real Estate
RBB,Financial Services
RDFN,Real Estate
FNGR,Communication Services
FRGT,Technology
IMTE,Technology
AGNCN,Real Estate
LVO,Communication Services
ACGLO,Financial Services
BBCP,Industrials
MBIO,Healthcare
REKR,Technology
ZKIN,Basic Materials
HFFG,Consumer Defensive
FENC,Healthcare
CELC,Healthcare
KRYS,Healthcare
ZLAB,Healthcare
PETZ,Consumer Cyclical
NCNA,Healthcare
ROKU,Communication Services
PDLB,Financial Services
RYTM,Healthcare
SOHOO,Real Estate
CARG,Consumer Cyclical
VERO,Healthcare
KIDS,Healthcare
MDB,Technology
MATH,Financial Services
NAAS,Consumer Cyclical
FAT,Consumer Cyclical
AGAE,Communication Services
EYE,Consumer Cyclical
MBIN,Financial Services
NYMTN,Real Estate
ACMR,Technology
FNKO,Consumer Cyclical
SPRO,Healthcare
AHG,Healthcare
KXIN,Consumer Cyclical
IFRX,Healthcare
MRBK,Financial Services
APLS,Healthcare
BAND,Technology
FBIOP,Healthcare
XFOR,Healthcare
OSW,Consumer Cyclical
SCPH,Healthcare
SFIX,Consumer Cyclical
LOOP,Basic Materials
RETO,Basic Materials
BOXL,Technology
NRXP,Healthcare
QTRX,Healthcare
DNLI,Healthcare
NMRK,Real Estate
DOGZ,Consumer Cyclical
AMBR,Technology
LX,Financial Services
CUE,Healthcare
PLL,Basic Materials
VICI,Real Estate
ILPT,Real Estate
SURG,Communication Services
EYEN,Healthcare
VYNE,Healthcare
ACET,Healthcare
GAME,Communication Services
SLDB,Healthcare
CLGN,Healthcare
OSS,Technology
SLGL,Healthcare
EXPI,Real Estate
FRHC,Financial Services
GRWG,Consumer Cyclical
RENB,Healthcare
EOLS,Healthcare
VCTR,Financial Services
CDLX,Communication Services
FAMI,Consumer Defensive
WHWK,Healthcare
TRMD,Energy
GRYP,Financial Services
CRON,Healthcare
DTSS,Technology
ATXG,Industrials
BTAI,Healthcare
HUT,Financial Services
HYMC,Basic Materials
TH,Industrials
HOFV,Communication Services
BWB,Financial Services
ENSC,Healthcare
NMTC,Healthcare
ZS,Technology
AIHS,Financial Services
BTBT,Financial Services
GORV,Consumer Cyclical
BIOX,Basic Materials
FGFPP,Financial Services
DBX,Technology
LPRO,Financial Services
ALBT,Real Estate
BRAG,Consumer Cyclical
CXDO,Communication Services
GTBP,Healthcare
RDVT,Technology
BILI,Communication Services
QTTB,Healthcare
COGT,Healthcare
GNPX,Healthcare
IQ,Communication Services
IGIC,Financial Services
AGMH,Technology
THRY,Communication Services
BFST,Financial Services
CLBK,Financial Services
DAY,Technology
LASR,Technology
CHX,Energy
DOCU,Technology
GSHD,Financial Services
DCTH,Healthcare
UBX,Healthcare
JRSH,Consumer Cyclical
ROAD,Industrials
AMRX,Healthcare
XCUR,Healthcare
CLPS,Technology
ITRM,Healthcare
KNSA,Healthcare
SRRK,Healthcare
HPK,Energy
WRAP,Technology
HPKEW,Energy
AHCO,Healthcare
NVNO,Healthcare
EDRY,Industrials
MGTX,Healthcare
QNTM,Healthcare
XAIR,Healthcare
GRNQ,Industrials
VRCA,Healthcare
ESGRP,Financial Services
DNTH,Healthcare
IIIV,Technology
KZR,Healthcare
TECX,Healthcare
XERS,Healthcare
AUTL,Healthcare
ECOR,Healthcare
LOVE,Consumer Cyclical
UXIN,Consumer Cyclical
ENTX,Healthcare
EVER,Communication Services
STIM,Healthcare
DOMO,Technology
LSEA,Real Estate
SGML,Basic Materials
IQST,Communication Services
BROG,Energy
RPAY,Technology
BRY,Energy
CRNX,Healthcare
CCB,Financial Services
ESTA,Healthcare
MYFW,Financial Services
TLRY,Healthcare
REPL,Healthcare
AQST,Healthcare
JG,Technology
LQDA,Healthcare
PDD,Consumer Cyclical
TENB,Technology
ADIL,Healthcare
DVLT,Technology
OPRA,Communication Services
SONO,Technology
GTEC,Consumer Cyclical
AMAL,Financial Services
MESA,Industrials
PCB,Financial Services
ALAR,Technology
BNGO,Healthcare
KLXE,Energy
CHR,Communication Services
YI,Healthcare
FTDR,Consumer Cyclical
BHFAL,N/A
GTX,Consumer Cyclical
BSVN,Financial Services
YMAB,Healthcare
VIOT,Consumer Cyclical
CBNK,Financial Services
ARVN,Healthcare
STRO,Healthcare
UPWK,Communication Services
GH,Healthcare
KOD,Healthcare
OCCI,Financial Services
ALLO,Healthcare
VLYPO,Financial Services
VLYPP,Financial Services
EQ,Healthcare
BTCT,Technology
SIBN,Healthcare
CLNN,Consumer Defensive
RVPH,Healthcare
NIU,Consumer Cyclical
PT,Financial Services
STNE,Technology
GDYN,Technology
TWST,Healthcare
ETON,Healthcare
ESGRO,Financial Services
TC,Communication Services
TLSA,Healthcare
MDRR,Real Estate
MRNA,Healthcare
IMTX,Healthcare
LEGH,Consumer Cyclical
QFIN,Financial Services
APM,Healthcare
APYX,Healthcare
SXTC,Healthcare
UOKA,Consumer Cyclical
MTC,Technology
TIGO,Communication Services
WKEY,Technology
CRDL,Healthcare
RBKB,Financial Services
ADN,Industrials
INCR,Healthcare
NFE,Energy
INMB,Healthcare
GCMG,Financial Services
ALEC,Healthcare
GOSS,Healthcare
CTRM,Industrials
CMMB,Healthcare
HOTH,Healthcare
VFF,Consumer Defensive
SLE,Communication Services
ASLE,Industrials
AGNCM,Real Estate
SJ,Communication Services
FUTU,Financial Services
FOXA,Communication Services
FOX,Communication Services
BPYPP,Real Estate
BHFAP,Financial Services
CYCN,Healthcare
DOW,Basic Materials
TIGR,Financial Services
LAZR,Consumer Cyclical
GNFT,Healthcare
MVST,Consumer Cyclical
DTIL,Healthcare
LYFT,Technology
MAAS,Financial Services
XTKG,Technology
OXSQZ,N/A
TW,Financial Services
SOHON,Real Estate
BWAY,Healthcare
PLMR,Financial Services
GNLN,Consumer Defensive
HOOK,Healthcare
ZM,Technology
MREO,Healthcare
WAFU,Consumer Defensive
BYND,Consumer Defensive
SY,Healthcare
TMDX,Healthcare
RRBI,Financial Services
YJ,Consumer Cyclical
ZBAI,Financial Services
TRVI,Healthcare
MIST,Healthcare
NXTC,Healthcare
QNCX,Healthcare
SPFI,Financial Services
JFIN,Communication Services
SONM,Technology
UBER,Technology
APLT,Healthcare
OGI,Healthcare
BCYC,Healthcare
IDYA,Healthcare
CTVA,Basic Materials
TECTP,Financial Services
ATER,Consumer Cyclical
CRWD,Technology
AIRTP,Industrials
INBKZ,N/A
STOK,Healthcare
AKRO,Healthcare
GO,Consumer Defensive
PSNL,Healthcare
ARTL,Healthcare
IMVT,Healthcare
LGHL,Financial Services
CMBM,Technology
ADPT,Healthcare
BBIO,Healthcare
REAL,Consumer Cyclical
IHRT,Communication Services
XPEL,Consumer Cyclical
RMBI,Financial Services
DOYU,Communication Services
FSEA,Financial Services
FULC,Healthcare
MIRM,Healthcare
OBDC,Financial Services
PBFS,Financial Services
AFYA,Consumer Defensive
ARKO,Consumer Cyclical
CSTL,Healthcare
DKNG,Consumer Cyclical
HCAT,Healthcare
BHAT,Communication Services
ILLR,Technology
KRUS,Consumer Cyclical
SNDL,Consumer Defensive
CELU,Healthcare
INMD,Healthcare
VMD,Healthcare
BTOG,Financial Services
JFU,Technology
BITF,Financial Services
BPYPO,Real Estate
FITBP,Financial Services
MCBS,Financial Services
TXG,Healthcare
FITBO,Financial Services
STRRP,Healthcare
SWTX,Healthcare
CRNC,Technology
IGMS,Healthcare
DDOG,Technology
XGN,Healthcare
RILYN,N/A
GOODN,Real Estate
OPRT,Financial Services
PTON,Consumer Cyclical
AGNCO,Real Estate
MAPS,Technology
PNTG,Healthcare
APRE,Healthcare
KRRO,Healthcare
INDI,Technology
RILYP,Financial Services
BNTX,Healthcare
HBT,Financial Services
VIR,Healthcare
IPHA,Healthcare
NYMTM,Real Estate
BWIN,Financial Services
CABA,Healthcare
PAVS,Consumer Defensive
PGNY,Healthcare
PHAT,Healthcare
PROF,Healthcare
NTRSO,Financial Services
RAPT,Healthcare
ASTS,Technology
DUO,Real Estate
AVPT,Technology
BLDE,Industrials
XHG,Financial Services
UK,Real Estate
CNSP,Healthcare
KRKR,Communication Services
TELA,Healthcare
ETNB,Healthcare
UGRO,Industrials
CAN,Technology
SITM,Technology
CPZ,Financial Services
PARAA,Communication Services
NHPAP,Real Estate
XP,Financial Services
EH,Industrials
SPT,Technology
MBNKP,Financial Services
MNPR,Healthcare
KPLT,Technology
ADV,Communication Services
MNTS,Industrials
MDIA,Communication Services
CURI,Communication Services
JSPR,Healthcare
PRCH,Technology
BSBK,Financial Services
IMAB,Healthcare
SOGP,Communication Services
DCOMP,Financial Services
ARQT,Healthcare
BDTX,Healthcare
REYN,Consumer Cyclical
CCAP,Financial Services
AGNCP,Real Estate
BEAM,Healthcare
OXLCP,Financial Services
SDGR,Healthcare
ONEW,Consumer Cyclical
BPYPN,Real Estate
ADXN,Healthcare
HUIZ,Financial Services
RVMD,Healthcare
SDOT,Consumer Defensive
ZCMD,Healthcare
AEVA,Technology
PASG,Healthcare
FCNCP,Financial Services
ELVN,Healthcare
CARR,Industrials
OTIS,Industrials
NWTN,Consumer Cyclical
WIMI,Communication Services
ZNTL,Healthcare
KROS,Healthcare
ORIC,Healthcare
LYRA,Healthcare
NVVE,Consumer Cyclical
KC,Technology
WTFCP,Financial Services
ONBPP,Financial Services
BHFAO,Financial Services
IMCC,Healthcare
NEOV,Industrials
PNFPP,Financial Services
PLRX,Healthcare
WMG,Communication Services
GTM,Technology
TOI,Healthcare
DADA,Consumer Cyclical
LEGN,Healthcare
UCL,Communication Services
LTRN,Healthcare
BNR,Healthcare
CLOV,Healthcare
GBIO,Healthcare
PCVX,Healthcare
RNA,Healthcare
RPRX,Healthcare
HWCPZ,N/A
OPEN,Real Estate
TFINP,Financial Services
IMG,Consumer Defensive
ONBPO,Financial Services
RPTX,Healthcare
OPINL,
API,Technology
EBON,Technology
PYPD,Healthcare
INVZ,Consumer Cyclical
ADTX,Healthcare
IVA,Healthcare
NKTX,Healthcare
QH,Technology
FATBP,Consumer Cyclical
NCNO,Technology
PCT,Industrials
GOCO,Financial Services
RLAY,Healthcare
ALXO,Healthcare
JAMF,Technology
NUKK,Technology
EDTK,Consumer Defensive
ANNX,Healthcare
INZY,Healthcare
ITOS,Healthcare
NRIX,Healthcare
VERX,Technology
KLRS,Healthcare
LI,Consumer Cyclical
TALK,Healthcare
FTHM,Real Estate
VITL,Consumer Defensive
VSTA,Consumer Defensive
OBIO,Healthcare
VOXR,Basic Materials
BIGC,Technology
RXT,Technology
WSBCP,Financial Services
IBEX,Technology
NAUT,Healthcare
IRON,Healthcare
CVAC,Healthcare
FLUX,Industrials
FRMEP,Financial Services
HRMY,Healthcare
ANGH,Communication Services
AOUT,Consumer Cyclical
CCNEP,Financial Services
KYMR,Healthcare
NNOX,Healthcare
MAXN,Technology
GP,Industrials
PLBY,Consumer Cyclical
PRFX,Healthcare
QVCGP,Consumer Cyclical
FFAI,Consumer Cyclical
TNGX,Healthcare
ORGN,Basic Materials
RILYL,Financial Services
SLN,Healthcare
ABL,Financial Services
MKTW,Financial Services
OM,Healthcare
FROG,Technology
MNSBP,Financial Services
SNOW,Technology
STEP,Financial Services
DYN,Healthcare
ATHA,Healthcare
BIVI,Healthcare
CMPS,Healthcare
LCID,Consumer Cyclical
EVLV,Industrials
BSY,Technology
CRSR,Technology
GDRX,Healthcare
TSHA,Healthcare
AMST,Technology
GLSI,Healthcare
GOVX,Healthcare
PMVP,Healthcare
PRLD,Healthcare
SYTA,Technology
PLTR,Technology
LUNG,Healthcare
LXEH,Consumer Defensive
ASO,Consumer Cyclical
AVO,Consumer Defensive
CCCC,Healthcare
IMNM,Healthcare
LNSR,Healthcare
CCCS,Technology
GDEV,Communication Services
HYMCL,Basic Materials
SQFT,Real Estate
ELUT,Healthcare
KRON,Healthcare
OUST,Technology
STTK,Healthcare
ARRY,Technology
EBC,Financial Services
ALGS,Healthcare
PAYO,Technology
PRAX,Healthcare
TARS,Healthcare
LANDO,Real Estate
CIFR,Financial Services
MLTX,Healthcare
MSPR,Healthcare
YGMZ,Industrials
FHTX,Healthcare
FULTP,Financial Services
BDSX,Healthcare
ROOT,Financial Services
ALGM,Technology
GLTO,Healthcare
LESL,Consumer Cyclical
ARBE,Technology
AVIR,Healthcare
SHOT,Consumer Defensive
EOSE,Industrials
IVF,Healthcare
NN,Technology
WGS,Healthcare
CLBT,Technology
BHFAN,Financial Services
QSI,Healthcare
PRTC,Healthcare
REVB,Healthcare
CMPO,Industrials
EOSEW,Industrials
OLMA,Healthcare
TLS,Technology
EVGO,Consumer Cyclical
MRVI,Healthcare
SHC,Healthcare
CNXC,Technology
PWP,Financial Services
RKLB,Industrials
SKIN,Consumer Defensive
VMAR,Consumer Cyclical
AEI,Real Estate
LIXTW,Healthcare
GRAB,Technology
HUMA,Healthcare
DCBO,Technology
HLMN,Industrials
SIGIP,Financial Services
ONDS,Technology
SEER,Healthcare
SPRY,Healthcare
YQ,Consumer Defensive
MNY,Communication Services
MNYWW,Communication Services
ROIV,Healthcare
SNPX,Healthcare
XOS,Industrials
DASH,Consumer Cyclical
GRABW,Technology
PUBM,Technology
ABNB,Consumer Cyclical
COOT,Consumer Defensive
HTOO,Utilities
HYFM,Industrials
ABCL,Healthcare
CERT,Healthcare
FDMT,Healthcare
HTOOW,Utilities
NBTX,Healthcare
QBTS,Technology
VVOS,Healthcare
OCG,Consumer Cyclical
WNW,Consumer Cyclical
BCAB,Healthcare
UPST,Financial Services
XOMAP,Healthcare
COEP,Healthcare
DCGO,Healthcare
DWTX,Healthcare
MASS,Healthcare
MYPSW,Communication Services
MYPS,Communication Services
LBRDP,Communication Services
IKT,Healthcare
INBS,Healthcare
PHAR,Healthcare
MRM,Consumer Cyclical
EVGOW,Consumer Cyclical
IONQ,Technology
SOFI,Financial Services
WFRD,Energy
ENVX,Industrials
RSVR,Communication Services
AIMD,Healthcare
AMPG,Technology
AZ,Technology
BAFN,Financial Services
BGLC,Basic Materials
BHST,Consumer Defensive
CGEM,Healthcare
DGXX,Utilities
DPRO,Industrials
ELBM,Basic Materials
GIFT,Communication Services
HITI,Healthcare
KAVL,Consumer Defensive
KWE,Industrials
LIDRW,Technology
NCRA,Consumer Defensive
ODYS,Technology
REAX,Real Estate
SILO,Healthcare
YYAI,Consumer Cyclical
LIDR,Technology
SRZN,Healthcare
BGM,Healthcare
LEXX,Healthcare
AFRM,Technology
MSGM,Communication Services
REE,Consumer Cyclical
WOOF,Consumer Cyclical
LANDM,Real Estate
DRVN,Consumer Cyclical
PLTK,Communication Services
VSSYW,Technology
HUDI,Basic Materials
MNTK,Basic Materials
PAX,Financial Services
NEWTZ,N/A
EZGO,Consumer Cyclical
RILYT,N/A
CDRO,Consumer Cyclical
AGFY,Industrials
HYPR,Healthcare
SHLS,Technology
TIRX,Financial Services
VINP,Financial Services
NLSP,Healthcare
NLSPW,Healthcare
TRIN,Financial Services
RNW,Utilities
RNWWW,Utilities
HBANP,Financial Services
WAFDP,Financial Services
CXAI,Technology
SANA,Healthcare
SNSE,Healthcare
AFRI,Consumer Defensive
BOLT,Healthcare
CNEY,Basic Materials
ELTX,Healthcare
EVAX,Healthcare
IMCR,Healthcare
PHVS,Healthcare
TERN,Healthcare
VOR,Healthcare
BAOS,Communication Services
CGNT,Technology
TLSI,Healthcare
ADAG,Healthcare
EPOW,Industrials
ISPO,Consumer Cyclical
NAMS,Healthcare
RELI,Financial Services
SABS,Healthcare
DSP,Technology
EXE,Energy
GRI,Healthcare
NAMSW,Healthcare
BMBL,Communication Services
BVS,Healthcare
EXEEL,Energy
BNZI,Technology
LGVN,Healthcare
AUUD,Technology
AMPGW,Technology
PPTA,Basic Materials
IDAI,Technology
PECO,Real Estate
GGR,Consumer Cyclical
LDTC,Technology
MLEC,Healthcare
FORA,Healthcare
ASTL,Basic Materials
GAINN,N/A
INNV,Healthcare
BZFD,Communication Services
SCLX,Healthcare
SDST,Industrials
DRTS,Healthcare
SYM,Industrials
ADSE,Industrials
THCH,Consumer Cyclical
STKH,Consumer Defensive
SOND,Consumer Cyclical
SWVL,Industrials
BAER,Industrials
JWEL,Consumer Cyclical
MBINN,Financial Services
SNCY,Industrials
ICU,Healthcare
OXLCL,N/A
AFCG,Real Estate
CNTB,Healthcare
FTAIN,Industrials
GANX,Healthcare
TIL,Healthcare
DRUG,Healthcare
MOVE,Healthcare
UPC,Healthcare
AENT,Communication Services
EEIQ,Consumer Defensive
ALHC,Healthcare
CRCT,Technology
EWTX,Healthcare
IKNA,Healthcare
LVTX,Healthcare
SATL,Industrials
STEC,Technology
TCBIO,Financial Services
TDUP,Consumer Cyclical
DSGN,Healthcare
UHG,Consumer Cyclical
RILYK,N/A
ECX,Consumer Cyclical
ARQQ,Technology
EM,Consumer Cyclical
KARO,Technology
ULCC,Industrials
CMPX,Healthcare
MDAI,Healthcare
PIII,Healthcare
WTO,Technology
SLXN,Healthcare
OKUR,Healthcare
XOMAO,Healthcare
MLGO,Technology
ALKT,Technology
COIN,Financial Services
RUM,Communication Services
APP,Communication Services
KRT,Consumer Cyclical
AKYA,Healthcare
BMEA,Healthcare
RXRX,Healthcare
SDA,Consumer Cyclical
IFBD,Technology
MBBC,Financial Services
PGY,Technology
SKYT,Technology
NPCE,Healthcare
RGTI,Technology
FGBIP,Financial Services
OCCIO,Financial Services
SWIM,Industrials
TMCI,Healthcare
DAVE,Technology
ALTI,Financial Services
PTIX,Healthcare
AVAH,Healthcare
BNAI,Technology
BTMD,Healthcare
FTCI,Technology
NYXH,Healthcare
PRVA,Healthcare
UROY,Energy
COCH,Healthcare
BETR,Financial Services
BRNS,Healthcare
HOWL,Healthcare
FSBC,Financial Services
FYBR,Communication Services
HNST,Consumer Defensive
RMCO,Financial Services
VALN,Healthcare
XBP,Technology
LOT,Consumer Cyclical
VEEA,Technology
ANEB,Healthcare
BSLK,Basic Materials
BWMN,Industrials
HROWL,N/A
TRML,Healthcare
AISP,Technology
AUR,Technology
GRRR,Technology
FLGC,Healthcare
GLBE,Consumer Cyclical
IPW,Consumer Cyclical
WALD,Consumer Defensive
EJH,Consumer Cyclical
VERA,Healthcare
JZXN,Consumer Cyclical
OCS,Healthcare
PSNY,Consumer Cyclical
SLDP,Consumer Cyclical
ATCOL,
CGABL,N/A
WALDW,Consumer Defensive
OTLY,Consumer Defensive
POWWP,Industrials
VMEO,Technology
OPAL,Utilities
OXSQG,N/A
FLYW,Technology
SNTI,Healthcare
DAWN,Healthcare
CNTA,Healthcare
ACGLN,Financial Services
DLO,Technology
DALN,Communication Services
MQ,Technology
SQFTP,Real Estate
DIBS,Consumer Cyclical
HBANM,Financial Services
LFST,Healthcare
MNDY,Technology
BZ,Communication Services
JANX,Healthcare
TASK,Technology
ATLCP,Financial Services
AUID,Technology
ALZN,Healthcare
MOLN,Healthcare
ISPC,Healthcare
LYEL,Healthcare
VERV,Healthcare
ATAI,Healthcare
FEMY,Healthcare
IPSC,Healthcare
NEXN,Communication Services
GOODO,N/A
FA,Industrials
BON,Basic Materials
CFLT,Technology
GECCO,N/A
GLUE,Healthcare
ONMD,Healthcare
UPXI,Communication Services
ACXP,Healthcare
ELEV,Healthcare
GHRS,Healthcare
LENZ,Healthcare
MCW,Consumer Cyclical
TKNO,Healthcare
SAIH,Technology
CDZIP,Utilities
CPOP,Communication Services
CVRX,Healthcare
IAS,Communication Services
INTA,Technology
JBIO,Healthcare
LZ,Industrials
NYMTL,Real Estate
PROK,Healthcare
TBLA,Communication Services
XMTR,Industrials
ABOS,Healthcare
DNUT,Consumer Defensive
EVCM,Technology
HEPS,Consumer Cyclical
HTZ,Industrials
VRAR,Technology
WAVE,Utilities
AGRI,Consumer Defensive
RNAZ,Healthcare
SNTG,Financial Services
UNCY,Healthcare
IINN,Healthcare
IINNW,Healthcare
METCL,N/A
PBBK,Financial Services
RPID,Healthcare
SERA,Healthcare
SGHT,Healthcare
BLFY,Financial Services
ERAS,Healthcare
PRE,Healthcare
RGC,Healthcare
TCBS,Financial Services
TCRX,Healthcare
MAMA,Consumer Defensive
HCWB,Healthcare
KLTR,Technology
VEEE,Consumer Cyclical
ABSI,Healthcare
BASE,Technology
ZENV,Technology
CRBU,Healthcare
CTKB,Healthcare
GAMB,Consumer Cyclical
SOPH,Healthcare
TEAD,N/A
USCB,Financial Services
BPYPM,N/A
CADL,Healthcare
BTDR,Technology
DUOL,Technology
TBLD,Financial Services
HOOD,Financial Services
NUVL,Healthcare
RLYB,Healthcare
IMRX,Healthcare
INAB,Healthcare
MXCT,Healthcare
RANI,Healthcare
RXST,Healthcare
TNYA,Healthcare
KITT,Industrials
EWCZ,Consumer Defensive
LSB,Healthcare
HOLO,Technology
IVVD,Healthcare
RILYZ,N/A
CLYM,Healthcare
OXLCO,Financial Services
SSBK,Financial Services
CNOBP,Financial Services
DATS,Technology
DATSW,Technology
DRMA,Healthcare
MOBX,Technology
BWBBP,Financial Services
GAINZ,N/A
SHFS,Financial Services
SLNHP,Financial Services
DFLI,Industrials
FATBB,Consumer Cyclical
ICCM,Healthcare
RNXT,Healthcare
ATLN,Industrials
VBNK,Financial Services
SPRC,Healthcare
DDI,Communication Services
TYGO,Technology
WHLRL,
CNCK,Financial Services
TMC,Basic Materials
ESLA,Healthcare
FAAS,Technology
SRAD,Technology
TMCWW,Basic Materials
DH,Healthcare
KTTA,Healthcare
NXXT,Utilities
PRCT,Healthcare
TYRA,Healthcare
ACT,Financial Services
FRSH,Technology
ARBK,Financial Services
BRLT,Consumer Cyclical
RELY,Technology
XAGE,Consumer Defensive
XRTX,Healthcare
LNZA,Industrials
HTCO,Industrials
PDYN,Technology
PET,Technology
AMPL,Technology
GFAI,Industrials
NAMMW,Basic Materials
CCSI,Technology
DJT,Communication Services
OABI,Healthcare
OLPX,Consumer Cyclical
FWRG,Consumer Cyclical
JTAI,Technology
NTRB,Healthcare
RMSG,N/A
NHPBP,Real Estate
VGAS,Utilities
GIPR,Real Estate
LFMDP,Healthcare
BRLS,Consumer Defensive
VLCN,Consumer Cyclical
CGTX,Healthcare
PYXS,Healthcare
AVDX,Technology
BBLG,Healthcare
BBLGW,Healthcare
CLST,Financial Services
HCTI,Healthcare
GREEL,N/A
GTLB,Technology
LUCD,Healthcare
INKT,Healthcare
CNTX,Healthcare
CYN,Technology
NVTS,Technology
SEAT,Communication Services
WEST,Consumer Defensive
COCO,Consumer Defensive
PTLO,Consumer Cyclical
RWAY,Financial Services
VTYX,Healthcare
XLO,Healthcare
HNNAZ,N/A
AIP,Technology
RENT,Consumer Cyclical
BXSL,Financial Services
FLNC,Utilities
GFS,Technology
OFSSH,N/A
AIRS,Healthcare
AURA,Healthcare
BFRI,Healthcare
OZKAP,Financial Services
TRDA,Healthcare
UDMY,Consumer Defensive
LVRO,Basic Materials
BIRD,Consumer Cyclical
ARHS,Consumer Cyclical
MDXH,Healthcare
NRDS,Communication Services
IOBT,Healthcare
MYNZ,Healthcare
FOSLL,N/A
SOPA,Technology
SWAG,Communication Services
TCBX,Financial Services
BJDX,Healthcare
EXFY,Technology
RIVN,Consumer Cyclical
RZLV,Technology
BEAT,Healthcare
BHFAM,Financial Services
BLZE,Technology
EFSCP,Financial Services
LVLU,Consumer Cyclical
TIVC,Healthcare
BTBD,Consumer Cyclical
DERM,Healthcare
MSAI,Technology
PFXNZ,N/A
BRZE,Technology
CRGO,Industrials
IREN,Financial Services
LUNR,Industrials
ARBKL,N/A
NYMTZ,Real Estate
FINW,Financial Services
LITM,Basic Materials
ATLCL,N/A
APLM,Healthcare
INV,Financial Services
CERO,Healthcare
OP,Industrials
TRUG,Communication Services
BENF,Financial Services
IMPP,Energy
IMPPP,Energy
OCCIN,Financial Services
RILYG,N/A
CING,Healthcare
REFI,Real Estate
FUFU,Financial Services
NRSN,Healthcare
SMX,Industrials
PBM,Healthcare
EUDA,Real Estate
SIDU,Industrials
GNTA,Healthcare
BDMD,Healthcare
IMMX,Healthcare
NEUP,Healthcare
ZEO,Technology
AERT,Industrials
SSSSL,N/A
ALLR,Healthcare
NXGL,Healthcare
DTI,Energy
NVNI,Technology
VSEE,Healthcare
HUBC,Technology
TVGN,Healthcare
NEHC,Energy
AMLX,Healthcare
CJET,Consumer Cyclical
FCNCO,Financial Services
HOUR,Consumer Cyclical
VIGL,Healthcare
GTI,Basic Materials
THAR,Healthcare
CFSB,Financial Services
RDZN,Technology
TPG,Financial Services
CDIO,Healthcare
CISO,Technology
OXLCZ,N/A
TKLF,Consumer Cyclical
CEG,Utilities
NSTS,Financial Services
FGI,Consumer Cyclical
OPTX,Technology
CRDO,Technology
KSCP,Industrials
BZAI,Technology
AIRJ,Industrials
ENGN,Healthcare
MTEK,Technology
NVX,Industrials
CCLDO,Healthcare
ACLX,Healthcare
LIEN,Financial Services
NVCT,Healthcare
AREB,Consumer Cyclical
CRML,Basic Materials
FLD,Financial Services
HTCR,Technology
MODD,Healthcare
SKYX,Industrials
DRCT,Communication Services
ZVSA,Healthcare
SBFM,Healthcare
MHUA,Healthcare
ZIMV,Healthcare
ONCO,Healthcare
ANNA,Energy
TNMG,Communication Services
IXHL,Healthcare
ABP,Healthcare
AKAN,Healthcare
FEAM,Basic Materials
MRNO,Real Estate
TOYO,Technology
NIVF,Healthcare
KBSX,Basic Materials
TZUP,Communication Services
EMBC,Healthcare
HWH,Consumer Cyclical
ANTX,Healthcare
LCFY,Communication Services
CDT,Healthcare
RVSN,Industrials
XPON,Industrials
CAPT,Basic Materials
NUTX,Healthcare
ESGL,Industrials
ASBP,Healthcare
APLD,Technology
STSS,Healthcare
BTM,Financial Services
GCL,Communication Services
ACON,Healthcare
JCSE,Industrials
OST,Technology
TNON,Healthcare
SOUN,Technology
BLTE,Healthcare
HLVX,Healthcare
KLTO,Healthcare
STI,Industrials
EDBL,Consumer Defensive
PEPG,Healthcare
HNVR,Financial Services
ACDC,Energy
ASNS,Technology
GV,Consumer Defensive
OKYO,Healthcare
OCTO,Consumer Cyclical
BNRG,Utilities
FMTO,Technology
TOP,Financial Services
SVRE,Technology
OXLCN,Financial Services
ALVO,Healthcare
HSCS,Healthcare
GEGGL,N/A
IPX,Basic Materials
GSUN,Consumer Defensive
INTR,Financial Services
PSNYW,Consumer Cyclical
PGYWW,Technology
SELX,Technology
USEA,Industrials
,Error
ILAG,Industrials
NXTT,Technology
FIP,Industrials
VRAX,Healthcare
ECBK,Financial Services
RWAYL,N/A
ARQQW,Technology
PDYNW,Technology
FSUN,Financial Services
MEGL,Financial Services
FOXX,Technology
TGL,Technology
REBN,Consumer Cyclical
BULLW,Technology
LUCY,Healthcare
LUCYW,N/A
GCT,Technology
BULL,Technology
ASTI,Technology
MOB,Industrials
MOBBW,Industrials
JFBR,Consumer Cyclical
JZ,Technology
ONFO,Communication Services
MSBIP,Financial Services
SHPH,Healthcare
BIAF,Healthcare
AGNCL,Real Estate
YOSH,Consumer Cyclical
WLDS,Technology
LNKB,Financial Services
THRD,Healthcare
NXL,Healthcare
MSPRW,Healthcare
NYAX,Technology
MBINM,Financial Services
SBC,Industrials
EMCG,Financial Services
LASE,Industrials
PRME,Healthcare
MBLY,Consumer Cyclical
SVII,Financial Services
ASPI,Basic Materials
SNAL,Communication Services
ATAT,Consumer Cyclical
ACRV,Healthcare
CMND,Healthcare
CTOR,Healthcare
ECDA,Consumer Cyclical
RWAYZ,N/A
RAYA,Industrials
GEHC,Healthcare
LIPO,Healthcare
ATLX,Basic Materials
COYA,Healthcare
HROWM,N/A
ENLT,Utilities
DSY,Consumer Defensive
SKWD,Financial Services
ATMC,Financial Services
CETY,Industrials
CVKD,Healthcare
ATMV,Financial Services
QSG,Consumer Defensive
GNLX,Healthcare
BREA,Communication Services
ASST,Communication Services
GPCR,Healthcare
LICN,Industrials
HSAI,Consumer Cyclical
NXT,Technology
MLYS,Healthcare
BFRG,Healthcare
GXAI,Communication Services
ALMU,Technology
BMR,Technology
HBANL,Financial Services
ISRL,Financial Services
TORO,Industrials
AIXI,Technology
FTAIM,Industrials
IZM,Technology
STAI,Industrials
ICG,Technology
MGRX,Healthcare
NB,Basic Materials
OSRH,Healthcare
ZURA,Healthcare
OMH,Real Estate
BANL,Energy
MKDW,N/A
STHO,Real Estate
ZJYL,Healthcare
HLP,Basic Materials
TBMCR,N/A
APLMW,N/A
CHSN,Consumer Cyclical
DIST,Financial Services
HKIT,Technology
SFWL,Industrials
HOVR,Industrials
ISPR,Consumer Defensive
MGIH,Consumer Cyclical
ARBB,Technology
GDHG,Consumer Cyclical
VCIG,Industrials
GDTC,Healthcare
WAI,Financial Services
UCAR,Consumer Cyclical
USGO,Basic Materials
WLGS,Industrials
JYD,Industrials
TRNR,Consumer Cyclical
ELPW,N/A
KVUE,Consumer Defensive
TBMC,Financial Services
CWD,Financial Services
MGRM,Healthcare
OAKU,Financial Services
OAKUR,N/A
LAES,Technology
GAINL,N/A
TLN,Utilities
LANDP,Real Estate
CALC,Healthcare
CISS,Industrials
CSWCZ,N/A
LTRY,Consumer Cyclical
BOF,Consumer Defensive
METCB,Basic Materials
FTRE,Healthcare
GENK,Consumer Cyclical
GMHS,Communication Services
INTS,Healthcare
PWM,Financial Services
SXTP,Healthcare
APGE,Healthcare
SGMT,Healthcare
USAR,Basic Materials
SPWR,Technology
ODD,Technology
TSBX,Healthcare
DFDV,Technology
ELWS,Technology
PRZO,Industrials
CTNT,Industrials
LLYVK,Communication Services
YHC,Consumer Defensive
AMOD,Technology
FTEL,Consumer Cyclical
GITS,Communication Services
LLYVA,Communication Services
MIRA,Healthcare
VFS,Consumer Cyclical
NWTG,Consumer Cyclical
SRM,Consumer Cyclical
GLADZ,N/A
VFSWW,Consumer Cyclical
BEEP,Industrials
WHFCL,N/A
IVP,Consumer Cyclical
NEWTI,N/A
ABLV,Communication Services
BOWN,Financial Services
GIBO,Communication Services
NETD,Financial Services
SWIN,Financial Services
ATPC,Consumer Defensive
PODC,Communication Services
NWGL,Basic Materials
REGCO,Real Estate
REGCP,Real Estate
SEZL,Financial Services
SPPL,Industrials
ARM,Technology
NMRA,Healthcare
KVAC,Financial Services
CART,Consumer Cyclical
CCG,Communication Services
DTCK,Consumer Defensive
SGD,Real Estate
SRBK,Financial Services
MDBH,Financial Services
FMST,Basic Materials
TURB,Technology
LRE,Real Estate
VSME,Communication Services
ANL,Healthcare
SWKHL,N/A
VLTO,Industrials
MSS,Consumer Defensive
FBYD,Industrials
GMM,Technology
LRHC,Real Estate
PMEC,Industrials
ULY,Technology
WBUY,Consumer Cyclical
ABVX,Healthcare
CPBI,Financial Services
AIRE,Real Estate
ATGL,Technology
CREV,Consumer Cyclical
LXEO,Healthcare
GVH,Industrials
CRGX,Healthcare
SHIM,Industrials
RR,Industrials
ELAB,Healthcare
ABLLL,N/A
CGBDL,N/A
MURA,Healthcare
NMFCZ,N/A
SPKL,Financial Services
FEBO,Technology
QETA,Financial Services
GSIW,Financial Services
INHD,Basic Materials
LGCB,Consumer Cyclical
NUKKW,Technology
BAYA,Financial Services
NBBK,Financial Services
ANSC,Financial Services
ROMA,Industrials
CCTG,Industrials
KSPI,Technology
CORZ,Technology
JL,Consumer Cyclical
SUGP,Industrials
CGON,Healthcare
YIBO,Technology
AVBP,Healthcare
BTSG,Healthcare
BTSGU,Healthcare
HAO,Communication Services
AMIX,Healthcare
ATLCZ,N/A
FBLG,Healthcare
GUTS,Healthcare
HLXB,Financial Services
KYTX,Healthcare
MGX,Healthcare
TELO,Healthcare
DHAI,Healthcare
IROH,Financial Services
WETH,Real Estate
SMXT,Technology
LGCL,Technology
TPGXL,N/A
SERV,Industrials
JVSA,Financial Services
ALAB,Technology
INTJ,Industrials
LOBO,Consumer Cyclical
DJTWW,Communication Services
BCG,Financial Services
BOLD,Healthcare
UBXG,Technology
GEV,Industrials
SOLV,Healthcare
TRINZ,N/A
MAMO,Consumer Cyclical
ZBAO,Financial Services
CTNM,Healthcare
EPRX,Healthcare
ZOOZ,Consumer Cyclical
SUUN,Utilities
MNDR,Healthcare
DYCQ,Financial Services
SUPX,Technology
TWG,Consumer Defensive
CDTG,Industrials
GECCI,N/A
MTEN,Industrials
TRSG,Industrials
MFI,Technology
YYGH,Consumer Cyclical
NCI,Consumer Cyclical
MRX,Financial Services
IBAC,Financial Services
SHMD,Industrials
NNE,Industrials
PAL,Industrials
SVCO,Technology
BKHA,Financial Services
BTOC,Industrials
JDZG,Technology
RAY,Consumer Defensive
HDL,Consumer Cyclical
NAKA,Healthcare
NEWTG,N/A
SMTK,Technology
INBX,Healthcare
FLYE,Consumer Cyclical
GAUZ,Technology
LIF,Technology
RAPP,Healthcare
WAY,Healthcare
GRAL,Healthcare
TEM,Healthcare
CUBWU,Financial Services
CCIX,Financial Services
RECT,Consumer Cyclical
WBTN,Communication Services
ALMS,Healthcare
LSH,Industrials
ABVE,Consumer Defensive
DCOMG,
EHGO,Industrials
GPAT,Financial Services
NYMTI,
RFAI,Financial Services
SW,Consumer Cyclical
GBFH,Financial Services
MKZR,Real Estate
NESR,Energy
OXLCI,
SUNS,Real Estate
CGBS,Energy
ICON,Industrials
MACI,Financial Services
TWFG,Financial Services
ARTV,Healthcare
PSIG,Industrials
QMMM,Communication Services
TRINI,N/A
ZDAI,Industrials
BLMZ,Communication Services
NVA,Basic Materials
OS,Technology
LINE,Real Estate
ORKT,Technology
NIPG,Communication Services
FDSB,Financial Services
ADGM,Healthcare
ALF,Financial Services
HPAI,Technology
CNFRZ,
SSII,Healthcare
VACHU,Financial Services
CUB,Financial Services
ACTU,Healthcare
CEP,Financial Services
ADUR,Industrials
DEFT,Financial Services
FSHP,Financial Services
HONDU,Financial Services
YXT,Technology
RITR,Industrials
WOK,Healthcare
JBDI,Consumer Cyclical
AZI,Consumer Cyclical
SPAI,Industrials
SIMA,Financial Services
CURR,N/A
LPAA,Financial Services
PMAX,Industrials
PTHL,Healthcare
TDTH,Technology
XCH,Industrials
GIG,Financial Services
EURK,Financial Services
GLXG,Industrials
BCAX,Healthcare
MBX,Healthcare
ZBIO,Healthcare
NEWTH,
GLE,Technology
MBAV,Financial Services
VLYPN,Financial Services
PC,Industrials
BIOA,Healthcare
GECCH,N/A
IBG,Consumer Defensive
VACH,Financial Services
ZJK,Industrials
HTLM,Consumer Cyclical
ZENA,Technology
WCT,Technology
OCCIM,Financial Services
FLX,Industrials
SKK,Industrials
CLIK,Consumer Cyclical
HOND,Financial Services
SKYQ,Energy
CAMP,Healthcare
CBLL,Healthcare
CCIRU,Financial Services
STFS,Communication Services
UPB,Healthcare
SFHG,Industrials
PTLE,Consumer Cyclical
ORIS,Consumer Defensive
SPHL,Consumer Cyclical
NBIS,Communication Services
ALDFU,Financial Services
HUHU,Industrials
FBLA,Financial Services
FGL,Industrials
INEO,Consumer Cyclical
LBGJ,Industrials
SNYR,Healthcare
BEAGU,Financial Services
CAPN,Financial Services
SEPN,Healthcare
WRD,Technology
POLE,Financial Services
VCIC,Financial Services
GELS,Healthcare
PLRZ,Healthcare
FVNNR,
SNRE,Communication Services
GSRTU,Financial Services
DEVS,Industrials
WLACU,Financial Services
YHNA,Financial Services
ACOG,Healthcare
EXOZ,Healthcare
MDCX,Healthcare
TLX,Healthcare
HSPTU,Financial Services
MBINL,Financial Services
DYNXU,Financial Services
NOEMU,Financial Services
CASK,Consumer Defensive
MSW,Industrials
CGTL,Consumer Cyclical
CHAR,
FACTU,Financial Services
WYHG,Consumer Defensive
PONY,Technology
LPBB,Financial Services
BACQ,Financial Services
CCIR,Financial Services
JUNS,Healthcare
METCZ,
AIFEU,Financial Services
LNKS,Industrials
RADX,Healthcare
ZSPC,Technology
NAMI,Communication Services
DYNX,Financial Services
LPBBW,Financial Services
TTAN,Technology
AVR,Healthcare
DRDBU,Financial Services
MLACU,N/A
NTCL,Technology
ALDF,Financial Services
BEAG,Financial Services
OACC,Financial Services
GAINI,
NCEW,Industrials
YSXT,Industrials
GSRT,Financial Services
GSRTR,
LSE,Energy
FACT,N/A
RANGU,Financial Services
TAVI,Financial Services
YAAS,Technology
HIT,Technology
TDACU,Financial Services
NTWO,Financial Services
PHH,Consumer Defensive
WLAC,Financial Services
ONEG,Industrials
INLF,Industrials
RAIN,Industrials
ASPC,Financial Services
CEPO,Financial Services
ZYBT,Healthcare
MASK,Technology
MIMI,Industrials
RANG,Financial Services
UFG,Industrials
HKPD,Healthcare
NYMTG,
PLMKU,Financial Services
RIBBU,Financial Services
NOEM,Financial Services
PCLA,Communication Services
HVIIU,Financial Services
DGNX,Industrials
DXST,Industrials
MCTR,Communication Services
AAPG,Healthcare
AIFE,Financial Services
DMAAU,Financial Services
SFD,Consumer Defensive
TWNP,Consumer Cyclical
FGMCU,Financial Services
BBNX,Healthcare
CSAI,Technology
MAZE,Healthcare
MTSR,Healthcare
PLMK,Financial Services
DRDB,Financial Services
MLAC,N/A
STRK,Technology
UMBFP,Financial Services
CJMB,Industrials
HCAI,Industrials
HSPT,Financial Services
PLUT,Financial Services
EPWK,Technology
FBGL,Industrials
HVII,Financial Services
SION,Healthcare
FGMC,Financial Services
AGH,Consumer Cyclical
AARD,Healthcare
SAIL,Technology
SNDK,Technology
TDAC,Financial Services
XHLD,Communication Services
CYCU,Technology
NNNN,Healthcare
HMR,Industrials
SKBL,Industrials
VRM,Consumer Cyclical
WGRX,Healthcare
RHLD,Industrials
BMGL,Healthcare
DMAA,Financial Services
STAK,Energy
LZMH,Technology
WETO,Technology
NHICU,N/A
OXLCG,
SNWV,Healthcare
PN,Technology
ADVB,Healthcare
JFB,Real Estate
KMTS,Healthcare
TBH,Communication Services
EHLD,Industrials
MAYA,Financial Services
SAGT,Technology
AACBU,Financial Services
ATIIU,Financial Services
KFIIU,Financial Services
SVCCU,Financial Services
KFII,Financial Services
MWYN,Consumer Cyclical
COLA,Financial Services
QSEAU,Financial Services
BIYA,Technology
GSHRU,Financial Services
MCHPP,Technology
RCT,Technology
SVCC,Financial Services
EPSM,Consumer Defensive
NTHI,Healthcare
STRF,Technology
WFF,Industrials
CRWV,Technology
NCT,Industrials
UYSCU,Financial Services
ENGS,Industrials
SDHIU,Financial Services
WTF,Financial Services
WXM,Industrials
SORA,Consumer Cyclical
SZZLU,Financial Services
ATII,Financial Services
LHSW,Technology
BLIV,Technology
AACB,Financial Services
KIDZ,Consumer Defensive
FATN,Technology
RYET,Consumer Defensive
TACHU,Financial Services
ATHR,Technology
CUPR,Healthcare
IOTR,Communication Services
MB,Consumer Cyclical
BULLZ,Technology
RBNE,Energy
HXHX,Industrials
CHA,Consumer Cyclical
EDHL,Communication Services
NHIC,N/A
CIGL,Industrials
FERA,Financial Services
GENVR,
LOKV,Financial Services
PFAI,Consumer Defensive
TVACU,Financial Services
NPACU,Financial Services
CHACU,Financial Services
IPCXU,Financial Services
PHOE,Industrials
DAAQU,Financial Services
LCCCU,Financial Services
RAAQU,Financial Services
TACOU,Financial Services
YB,Technology
RDAGU,Financial Services
CEPT,Financial Services
CGCTU,N/A
GTENU,N/A
LIMN,Healthcare
SDM,Communication Services
WSBK,Financial Services
IPODU,Financial Services
STRZ,Communication Services
WTFCN,Financial Services
QSEA,Financial Services
ANTA,Financial Services
CCCXU,Financial Services
ETOR,Financial Services
OMSE,Energy
PMTRU,Financial Services
BUSEP,Financial Services
KWM,Communication Services
ARAI,Technology
TVAIU,Financial Services
CCCMU,Financial Services
GLXY,Financial Services
RTACU,Financial Services
TVA,Financial Services
WENNU,N/A
CHAC,Financial Services
AACIU,N/A
OFAL,Industrials
PCAPU,Financial Services
MBNKO,Financial Services
OYSEU,Financial Services
CRAQU,N/A
FTRK,Communication Services
MDCXW,Healthcare
PELIU,N/A
SZZL,Financial Services
UYSC,Financial Services
CHPGU,Financial Services
KCHVU,N/A
WTGUU,Financial Services
PTNM,N/A
DAAQ,Financial Services
RAAQ,Financial Services
TACH,Financial Services
SDHI,Financial Services
TACO,Financial Services
NAMM,Basic Materials
OMDA,Healthcare
SAFX,Utilities
CCCM,Financial Services
JEM,Consumer Cyclical
RTAC,Financial Services
RTACW,Financial Services
BLUWU,Financial Services
CHYM,N/A
MFICL,
