Instrument,Constituent RIC,Constituent Name
.NYA,UNF.N,UNIFIRST ORD
.NYA,UVV.N,UNIVERSAL ORD
.NYA,DVN.N,DEVON ENERGY ORD
.NYA,SHEL.N,SHELL PLC ADR RPSTG 2 A
.NYA,PRSU.N,VIAD ORD
.NYA,TRI.OQ,THOMSON REUTERS ORD
.NYA,AFG.N,AMERICAN FINANCIAL GROUP ORD
.NYA,BBUC.N,BROOKFIELD BUSINESS CORP ORD
.NYA,NMR.N,NOMURA HOLDINGS ADR REPTG ONE ORD
.NYA,VRT.N,VERTIV HOLDINGS ORD A
.NYA,FCPT.N,FOUR CORNERS PROPERTY TRUST ORD
.NYA,RGA.N,REINSURANCE GROUP OF AMER ORD
.NYA,STAG.N,STAG INDUSTRIAL REIT
.NYA,KB.N,KB FINANCIAL GROUP ADR REP ONE ORD
.NYA,GRNT.N,GRANITE RIDGE RESOURCES INC ORD
.NYA,QD.N,QUDIAN INC ORD
.NYA,GE.N,GE AEROSPACE ORD
.NYA,THC.N,TENET HEALTHCARE ORD
.NYA,BSAC.N,BANCO SANTANDER - CHILE ADR
.NYA,TYL.N,TYLER TECHNOLOGIES ORD
.NYA,TRN.N,TRINITY INDUSTRIES ORD
.NYA,VTLE.N,VITAL ENERGY INC ORD
.NYA,DEI.N,DOUGLAS EMMETT REIT
.NYA,CDE.N,COEUR MINING INC
.NYA,ATHM.N,AUTOHOME INC
.NYA,CLPR.N,CLIPPER REALTY INC ORD
.NYA,MLNK.N,MERIDIANLINK ORD
.NYA,BX.N,BLACKSTONE GROUP CLASS A ORD
.NYA,MCK.N,MCKESSON ORD
.NYA,DOUG.N,DOUGLAS ELLIMAN INC ORD
.NYA,T.N,AT&T ORD
.NYA,FLS.N,FLOWSERVE ORD
.NYA,ASPN.N,ASPEN AEROGELS ORD SHS
.NYA,CCJ.N,CAMECO ORD
.NYA,SCCO.N,SOUTHERN COPPER CORPORATION
.NYA,WT.N,WISDOMTREE INC ORD
.NYA,AME.N,AMETEK ORD
.NYA,BCS.N,BARCLAYS BANK ADR
.NYA,IBM.N,INTL BUSINESS MACHINES CORP ORD
.NYA,AVD.N,AMER VANGUARD ORD
.NYA,CALX.N,CALIX NETWORKS ORD
.NYA,NSA.N,NATIONAL STORAGE AFFILIATES ORD SHS
.NYA,DCO.N,DUCOMMUN ORD
.NYA,NPWR.N,NET POWER INC CL A ORD
.NYA,CUBI.N,CUSTOMERS BANCORP ORD
.NYA,CADE.N,CADENCE BANK ORD
.NYA,UAA.N,UNDER ARMOUR ORD
.NYA,S.N,SENTINELONE CL A ORD
.NYA,GEAR.N^A25,REVELYST INC ORD
.NYA,TPC.N,TUTOR PERINI ORD
.NYA,BWLP.N,BW LPG ORD
.NYA,PHR.N,PHREESIA INC ORD
.NYA,LGFb.N^E25,LIONS GATE ENTERTAINMENT B ORD
.NYA,PLOW.N,DOUGLAS DYNMCS
.NYA,EIX.N,EDISON INTERNATIONAL ORD
.NYA,CRK.N,COMSTOCK RESOURCES ORD
.NYA,KMB.OQ,KIMBERLY CLARK ORD
.NYA,XPER.N,XPERI INC ORD
.NYA,HSY.N,HERSHEY FOODS ORD
.NYA,PBI.N,PITNEY BOWES ORD
.NYA,AMRC.N,AMERESCO CL A ORD
.NYA,NOK.N,NOKIA ADR REPSG 1 SER A ORD
.NYA,ECL.N,ECOLAB ORD
.NYA,NIC.N,NICOLET BANKSHARES ORD SHS
.NYA,JOBY.N,JOBY AVIATION ORD
.NYA,BOH.N,BANK OF HAWAII ORD
.NYA,ITT.N,ITT ORD
.NYA,EXR.N,EXTRA SPACE STORAGE REIT
.NYA,NGG.N,NATIONAL GRID ADR REP 5 ORD
.NYA,LEN.N,LENNAR CORPORATION ORD
.NYA,MTAL.N,MAC COPPER LTD ORD
.NYA,EXTO.N^A25,ALMACENES EXITO ADR
.NYA,CRDb.N,CRAWFORD CL B ORD
.NYA,ONON.N,ON HOLDING ORD SHS CLASS A
.NYA,OSK.N,OSHKOSH ORD
.NYA,PRIM.N,PRIMORIS SERVICES ORD
.NYA,CUK.N,CARNIVAL ADR REP 1ORD
.NYA,LTC.N,LTC PROPERTIES REIT
.NYA,APO.N,APOLLO GLOBAL MGMT INC ORD
.NYA,MAGN.N,MAGNERA CORPORATION ORD
.NYA,HOG.N,HARLEY DAVIDSON ORD
.NYA,OCFT.N,ONECONNECT FINANCIAL TECHNOLOGY CO LTD ADR
.NYA,EAT.N,BRINKER INTERNATIONAL ORD
.NYA,HR.N,HEALTHCARE REALITY TRUST ORD
.NYA,ST.N,SENSATA TECHNOLOGIES HOLDING ORD
.NYA,RXO.N,RXO INC ORD
.NYA,CWEN.N,CLEARWAY ENERGY INC ORD
.NYA,BROS.N,DUTCH BROS ORD SHS CLASS A
.NYA,HAFN.N,HAFNIA LTD ORD
.NYA,WDS.N,WOODSIDE ENERGY GROUP ADR
.NYA,BRKa.N,BERKSHIRE HATHWAY CL A ORD
.NYA,VTMX.N,CORPORACION INMOBILIARIA VESTA S A B AMERICAN DEPOSITARY SHARES EACH REPRESENTING 10 O
.NYA,CLVT.N,CLARIVATE PLC ORD
.NYA,HPP.N,HUDSON PACIFIC PROPERTIES REIT
.NYA,RBOT.N,VICARIOUS SURGICAL INC ORD SHS CLASS A
.NYA,OFG.N,OFG BANCORP
.NYA,NUE.N,NUCOR ORD
.NYA,PII.N,POLARIS INDUSTRIES ORD
.NYA,GPOR.N,GULFPORT ENERGY ORD SHS
.NYA,TFX.N,TELEFLEX ORD
.NYA,UE.N,URBAN EDGE PROPERTIES
.NYA,MHO.N,M I HOMES ORD
.NYA,ASB.N,ASSOCIATED BANCORP ORD
.NYA,GEF.N,GREIF CL A ORD
.NYA,NNN.N,NNN REIT INC ORD
.NYA,ANF.N,ABERCROMBIE AND FITCH CL A ORD
.NYA,FRO.N,FRONTLINE PLC ORD
.NYA,INGR.N,INGREDION ORD
.NYA,MTR.N,MESA ROYALTY ORD
.NYA,MMM.N,3M ORD
.NYA,ORN.N,ORION GROUP HOLDINGS INC ORD
.NYA,CIA.N,CITIZENS ORDINARY A
.NYA,ARES.N,ARES MANAGEMENT
.NYA,IEX.N,IDEX ORD
.NYA,ENIC.N,ENERSIS CHILE SA-ADR W/I
.NYA,ITGR.N,INTEGER HOLDINGS ORD
.NYA,IDT.N,IDT CL B ORD
.NYA,CMG.N,CHIPOTLE MEXICAN GRILL ORD
.NYA,WKC.N,WORLD KINECT CORPORATION ORD
.NYA,PDCC.N,PEARL DIVER CREDIT COMPANY ORD SHS
.NYA,ALEX.N,ALEXANDER AND BALDWIN ORD WI
.NYA,RRX.N,REGAL REXNORD CORP ORD
.NYA,QGEN.N,QIAGEN ORD
.NYA,CWK.N,CUSHMAN & WAKEFIELD PLC ORD
.NYA,SFL.N,SFL CORPORATION ORD
.NYA,UCB.N,UNITED COMMUNITY BANKS ORD
.NYA,BWXT.N,BWX TECHNOLOGIES INC
.NYA,WDH.N,WATER DROP ADR REPRESENTING 10 ORD SHS CLASS A
.NYA,NMG.N,NOUVEAU MONDE MINING ENTERPRIS
.NYA,GTES.N,GATES INDUSTRIAL CORPORATION PLC ORD
.NYA,BAK.N,BRASKEM ADR REP 2 CL A PRF
.NYA,MEC.N,MAYVILLE ENGINEERING COMPANY INC ORD
.NYA,MYE.N,MYERS INDUSTRIES ORD
.NYA,RKT.N,ROCKET COMPANIES ORD SHS CLASS A
.NYA,NLOP.N,NET LEASE OFFICE PROPERTIES ORD
.NYA,SLQT.N,SELECTQUOTE INC ORD
.NYA,AMC.N,AMC ENTERTAINMENT HOLDINGS INC
.NYA,PGR.N,PROGRESSIVE ORD
.NYA,IQV.N,IQVIA HOLDINGS INC ORD
.NYA,OOMA.N,OOMA ORD SHS
.NYA,EVEX.N,EVE HOLDING INC ORD
.NYA,SPB.N,SPECTRUM BRANDS HOLDINGS INC ORD
.NYA,BDC.N,BELDEN ORD
.NYA,RERE.N,ATRENEW ADR
.NYA,BMA.N,BANCO MACRO ADR REP TEN CL B ORD
.NYA,TAPa.N,MOLSON COORS BREWING CL A ORD
.NYA,CMTG.N,CLAROS MORTGAGE TRUST ORD SHS
.NYA,RNR.N,RENAISSANCERE ORD
.NYA,PKG.N,PACKAGING CORP OF AMERICA ORD
.NYA,PKST.N,PEAKSTONE REALTY ORD SHS CLASS E
.NYA,BNED.N,BARNES AND NOBLE EDUCATION ORD SHS WHEN ISSUED
.NYA,COLD.N,AMERICOLD REALTY TRUST ORD
.NYA,PRGO.N,PERRIGO CO PLC
.NYA,VRTS.N,VIRTUS INVESTMENT PARTNERS ORD
.NYA,PUK.N,PRUDENTIAL ADR
.NYA,MTDR.N,MATADOR RESOURCES ORD
.NYA,DOW.N,DOW INC ORD
.NYA,BBWI.N,BATH & BODY WORKS INC ORD
.NYA,SJT.N,SAN JUAN BASIN UNT
.NYA,ONTF.N,ON24 ORD SHS
.NYA,DQ.N,DAQO NEW ENERGY ADR REP FIVE ORD
.NYA,FBMS.N^E24,FIRST BANCSHARES ORD
.NYA,PVH.N,PVH ORD
.NYA,TTC.N,TORO ORD
.NYA,INFA.N,INFORMATICA CL ORD A
.NYA,TDG.N,TRANSDIGM GROUP ORD
.NYA,WPP.N,WPP GROUP ADR
.NYA,MTZ.N,MASTEC INC ORD
.NYA,AVA.N,AVISTA ORD
.NYA,WY.N,WEYERHAEUSER REIT
.NYA,VZ.N,VERIZON COMMUNICATIONS ORD
.NYA,CIB.N,BANCOLOMBIA S.A. ADR RP 4 PFD
.NYA,NJR.N,NJ RESOURCES ORD
.NYA,PBF.N,PBF ENERGY INC (ORDINARY)
.NYA,NVO.N,NOVO NORDISK ADR REPSG 1 ORD
.NYA,VVV.N,VALVOLINE ORD SHS
.NYA,JILL.N,J JILL INC ORD
.NYA,TEVA.N,TEVA PHARMACEUTICAL IND LIMITED ADR
.NYA,EPAC.N,ENERPAC TOOL GROUP CORPORATION ORD
.NYA,BKKT.N,BAKKT HOLDINGS LLC ORD
.NYA,NVT.N,NVENT ELECTRIC PLC
.NYA,LRN.N,STRIDE INC ORD
.NYA,GPK.N,GRAPHIC PACKAGING HOLDING ORD
.NYA,CRH.N,CRH PLC ORD
.NYA,NTR.N,NUTRIEN LTD
.NYA,PGRE.N,PARAMOUNT GROUP INC
.NYA,BFLY.N,BUTTERFLY NETWORK INC ORD
.NYA,OPAD.N,OFFERPAD SOLUTIONS INC ORD CLS A
.NYA,ALIT.N,ALIGHT INC ORD A
.NYA,MPC.N,MARATHON PETROLEUM ORD
.NYA,AVNS.N,AVANOS MEDICAL INC ORD
.NYA,TOL.N,TOLL BROTHERS ORD
.NYA,ACEL.N,ACCEL ENTERTAINMENT INC ORD
.NYA,GRDN.N,GUARDIAN PHARMACY SERVICES ORD SHS CLASS A
.NYA,CB.N,CHUBB LTD
.NYA,SCI.N,SERVICE ORD
.NYA,RVLV.N,REVOLVE GROUP INC ORD
.NYA,ZUO.N^B25,ZUORA INC ORD
.NYA,VST.N,VISTRA CORP ORD
.NYA,MOS.N,THE MOSAIC COMPANY ORD
.NYA,AMPS.N^D25,ALTUS POWER INC ORD
.NYA,PAAS.N,PAN AMERICAN ORD
.NYA,PSQH.N,PSQ HOLDINGS CL A ORD
.NYA,EGP.N,EASTGROUP PROPERTIES REIT
.NYA,FERG.N,FERGUSON ENTERPRISES INC ORD
.NYA,FFWM.N,FIRST FOUNDATI/D
.NYA,CM.N,CDN IMPERIAL BK
.NYA,HLIO.N,HELIOS TECHNOLOGIES INC ORD
.NYA,EME.N,EMCOR GROUP ORD
.NYA,FNV.N,FRANCO NEVADA ORD
.NYA,MED.N,MEDIFAST ORD
.NYA,CRS.N,CARPENTER TECHNOLOGY ORD
.NYA,IONQ.N,IONQ ORD
.NYA,LXP.N,LEXINGTON REIT
.NYA,IIPR.N,INNOVATIVE INDUSTRIAL PROPERTIES ORD
.NYA,CSR.N,CENTERSPACE RESIDENTIAL HOMES ORD
.NYA,THR.N,THERMON GROUP HOLDINGS ORD
.NYA,ANVS.N,ANNOVIS BIO INC ORD
.NYA,SFBS.N,SRVSFRST BNCSH/D
.NYA,RTO.N,RENTOKIL INITIAL ADR REP 5 ORD
.NYA,FI.N,FISERV ORD
.NYA,VNT.N,VONTIER CORP ORD
.NYA,SBH.N,SALLY BEAUTY HOLDINGS ORD
.NYA,OVV.N,OVINTIV INC ORD
.NYA,SMBK.N,SMARTFINANCIAL ORD
.NYA,UPS.N,UNITED PARCEL SERVICE-CL B ORD
.NYA,WLY.N,JOHN WILEY SONS CL A ORD
.NYA,MET.N,METLIFE ORD
.NYA,ACCO.N,ACCO BRANDS ORD
.NYA,CI.N,THE CIGNA GROUP ORD
.NYA,DRI.N,DARDEN RESTAURANTS ORD
.NYA,CBAN.N,COLONY BANKCORP ORD
.NYA,MITT.N,AG MORTGAGE INVESTMENT TRUST REIT
.NYA,HY.N,HYSTER YALE INC ORD
.NYA,BAM.N,BROOKFIELD ASSET MANAGMENT ORD
.NYA,CLS.N,CELESTICA ORD
.NYA,TAL.N,TAL EDUCATION ORD
.NYA,ENZ.N^D25,ENZO BIOCHEM ORD
.NYA,ALX.N,ALEXANDERS REIT
.NYA,LGFa.N^E25,LIONS GATE ENTERTAINMENT A ORD
.NYA,DHT.N,DHT HOLDINGS ORD
.NYA,UTZ.N,UTZ BRANDS INC ORD
.NYA,MGM.N,MGM RESORTS ORD
.NYA,VNCE.N,VINCE HOLDING ORD SHS
.NYA,CYH.N,COMMUNITY HEALTH SYSTEMS ORD
.NYA,BALY.N^B25,BALLYS CORPORATION ORD
.NYA,SRG.N,SERITAGE GROWTH PROPERTIES ORD SHS CLASS A
.NYA,NEUE.N,NEUEHEALTH INC ORD SHS
.NYA,NVRO.N^D25,NEVRO CORP
.NYA,OR.N,OSISKO GOLD ROYALTIES ORD
.NYA,GPRK.N,GEOPARK LTD
.NYA,SKX.N,SKECHERS USA ORD
.NYA,PR.N,PERMIAN RES CORP ORD
.NYA,SOBO.N,SOUTH BOW CORPORATION ORD
.NYA,NEXA.N,NEXA RESOURCES SA ORD
.NYA,SEM.N,SELECT MEDICAL N ORD
.NYA,ALC.N,ALCON INC ORD
.NYA,SCHW.N,CHARLES SCHWAB ORD
.NYA,NC.N,NACCO CL A ORD
.NYA,RWT.N,REDWOOD TRUST REIT
.NYA,HUBB.N,HUBBELL CL B ORD
.NYA,BC.N,BRUNSWICK ORD
.NYA,PBH.N,PRESTIGE CONSUMER HEALTHCARE ORD
.NYA,FTV.N,FORTIVE CORP ORD
.NYA,ALTM.N^C25,ARCADIUM LITHIUM PLC ORD
.NYA,OPY.N,OPPENHEIMER HLDINGS NON VTG CL A ORD
.NYA,DB.N,DEUTSCHE BANK ORD
.NYA,TROX.N,TRONOX HOLDINGS PLC ORD
.NYA,TUYA.N,TUYA ADR REPRESENTING ORD SHS CLASS A
.NYA,HIPO.N,HIPPO HOLDINGS INC ORD
.NYA,AIN.N,ALBANY INTERNATIONAL CL A ORD
.NYA,GBTG.N,APOLLO STRATEGIC GROWTH CAPITAL ORD SHS CLASS A
.NYA,BR.N,BROADRIDGE FINANCIAL SOLUTIONS ORD
.NYA,CVS.N,CVS HEALTH CORP
.NYA,USB.N,US ORD
.NYA,INFY.N,INFOSYS LIMITED ADR
.NYA,WSM.N,WILLIAMS SONOMA ORD
.NYA,CCO.N,CLEAR CHANNEL OUTDOOR HOLDINGS ORD
.NYA,GMRE.N,GLOBAL MEDICAL REIT ORD SHS
.NYA,ESTC.N,ELASTIC NV ORD
.NYA,OLP.N,ONE LIBERTY PROPERTIES REIT
.NYA,WMS.N,ADVANCED DRAINAGE SYSTEMS ORD SHS
.NYA,HP.N,HELMERICH AND PAYNE ORD
.NYA,TSE.N,TRINSEO S.A
.NYA,KODK.N,EASTMAN KODAK CO
.NYA,COUR.N,COURSERA ORD SHS
.NYA,ZIP.N,ZIPRECRUITER ORD SHS CLASS A
.NYA,NUS.N,NU SKIN ENTERPRISES CL A ORD
.NYA,ASAI.N^A25,SENDAS DISTRIBUIDORA ADR
.NYA,FC.N,FRANKLIN COVEY ORD
.NYA,RSKD.N,RISKIFIED ORD SHS CLASS A
.NYA,BAX.N,BAXTER INTL ORD
.NYA,BAC.N,BK OF AMERICA CO ORD
.NYA,ORCL.N,ORACLE SYS ORD
.NYA,DK.N,DELEK US HOLDINGS ORD
.NYA,UHS.N,UNIVERSAL HEALTH SERVICES CL B ORD
.NYA,WU.N,WESTERN UNION ORD
.NYA,UNM.N,UNUM ORD
.NYA,CODI.N,COMPASS DIVERSIFIED HOLDINGS ORD
.NYA,NOVA.N^F25,SUNNOVA ENERGY INTERNATIONAL INC ORD
.NYA,BBY.N,BEST BUY ORD
.NYA,SNOW.N,SNOWFLAKE INC ORD
.NYA,CABO.N,CABLE ONE INC
.NYA,BCE.N,BCE ORD
.NYA,STVN.N,STEVANATO GROUP ORD SHS
.NYA,AUB.N,ATLANTIC UNION BANKSHARES CORPORATION ORD
.NYA,RMAX.N,RE-MAX HOLDINGS INC
.NYA,LZM.N,LIFEZONE METALS ORD
.NYA,EG.N,EVEREST GROUP LTD ORD
.NYA,CRT.N,CROSS TIMBERS ROYALTY UNT
.NYA,DOC.N,HEALTHPEAK PROPERTIES INC ORD
.NYA,MSM.N,MSC INDUSTRIAL CL A ORD
.NYA,ZTO.N,ZTO EXPRESS CAYMAN ADR
.NYA,KNSL.N,KINSALE CAPITAL GROUP INC ORD
.NYA,DRD.N,DRDGOLD ADR REP 10 ORD
.NYA,CMC.N,COMMERCIAL METALS ORD
.NYA,AVAL.N,GRUPO AVAL ACCIONES Y VALORES SA
.NYA,CEPU.N,CENTRAL PUERTO SA ADR
.NYA,VOC.N,VOC ENERGY UNT
.NYA,ZKH.N,ZKH GROUP ADR
.NYA,CBT.N,CABOT ORD
.NYA,POR.N,PORTLAND GENERAL ELECTRIC ORD
.NYA,HMC.N,HONDA MOTOR ADR REP 1 ORD
.NYA,PHM.N,PULTEGROUP ORD
.NYA,VSH.N,VISHAY INTERTECH ORD
.NYA,CRGY.N,CRESCENT ENERGY COMPANY ORD
.NYA,RPM.N,RPM ORD
.NYA,ETN.N,EATON CORP PLC
.NYA,ICL.N,ICL GROUP ORD
.NYA,BTCM.N,BIT MINING LTD ORD A
.NYA,KFS.N,KINGSWAY FINANCIAL SERVICES ORD
.NYA,CTOS.N,CUSTOM TRUCK ONE SOURCE INC ORD
.NYA,MFC.N,MANULIFE-S ORD
.NYA,PACK.N,RANPAK HOLDINGS ORD
.NYA,TRV.N,TRAVELERS COS INC/THE ORD
.NYA,MKCv.N,MCCORMICK VTG
.NYA,KEYS.N,KEYSIGHT TECHNOLOGIES
.NYA,INSP.N,INSPIRE MEDICAL SYSTEMS ORD
.NYA,RBA.N,RB GLOBAL INC ORD
.NYA,VALE.N,VALE GDR
.NYA,CNH.N,CNH INDUSTRIAL NV
.NYA,MOGa.N,MOOG CL A ORD
.NYA,HEI.N,HEICO ORD
.NYA,DLX.N,DELUXE ORD
.NYA,GHLD.N,GUILD HOLDINGS CO ORD
.NYA,TNC.N,TENNANT ORD
.NYA,LPG.N,DORIAN LPG LTD
.NYA,REZI.N,RESIDEO TECHNOLOGIES
.NYA,ULS.N,UL SOLUTIONS INC ORD
.NYA,PLNT.N,PLANET FITNESS CL A ORD
.NYA,UNFI.N,UNITED NATURAL FOODS ORD
.NYA,ALSN.N,ALLISON TRANSMISSION HOLDINGS ORD
.NYA,VLRS.N,CONTROLADORA VUELA COMPANIA DE AVIACION
.NYA,UMH.N,UMH PROPERTIES REIT
.NYA,PRKS.N,UNITED PARKS & RESORTS INC ORD SHS
.NYA,SUPV.N,GRUPO SUPERVIELLE ADR REPRESENTING ADR
.NYA,PM.N,PHILLIP MORRIS ORD
.NYA,MSA.N,MSA SAFETY INC
.NYA,BHP.N,BHP GROUP LTD ADR
.NYA,MOD.N,MODINE MNFC CO ORD
.NYA,ARCO.N,ARCOS DORADOS HOLDINGS CL A ORD
.NYA,MTRN.N,MATERION ORD
.NYA,MPW.N,MEDICAL PROPERTIES REIT
.NYA,CLF.N,CLEVELAND CLIFFS INC ORD
.NYA,LAW.N,CS DISCO ORD SHS
.NYA,NPKI.N,NPK INTERNATIONAL INC ORD
.NYA,LAD.N,LITHIA MOTORS CL A ORD
.NYA,KBH.N,KB HOME ORD
.NYA,MGA.N,MAGNA INTERNATIONAL ORD
.NYA,RYI.N,RYERSON HOLDING
.NYA,MKFG.N^D25,MARKFORGED HOLDING CORPORATION ORD
.NYA,PRT.N,PERMROCK ROYALTY TRUST ORD
.NYA,CC.N,CHEMOURS CO
.NYA,NPO.N,ENPRO INDUSTRIES ORD
.NYA,WTI.N,W AND T OFFSHORE ORD
.NYA,ZK.N,ZEEKR INTELLIGENT TECHNOLOGY HOLDING LTD ADR
.NYA,WAL.N,WESTERN ALLIANCE ORD
.NYA,NYT.N,NEW YORK TIMES CL A ORD
.NYA,TISI.N,TEAM ORD
.NYA,UTI.N,UNIVERSAL TECHNICAL INSTITUT
.NYA,MCY.N,MERCURY GENERAL ORD
.NYA,EQNR.N,EQUINOR ADR
.NYA,APH.N,AMPHENOL CL A ORD
.NYA,GB.N,GLOBAL BLUE GROUP HOLDING AG ORD
.NYA,SKM.N,SK TELECOM CO LTD ADR
.NYA,OLN.N,OLIN ORD
.NYA,TMO.N,THERMO FISHER SCIENTIFIC ORD
.NYA,ZIM.N,ZIM INTEGRATED SHIPPING SERVICES ORD SHS
.NYA,GWW.N,WW GRAINGER ORD
.NYA,AVTR.N,AVANTOR INC ORD
.NYA,NGVT.N,INGEVITY CORP WI ORD
.NYA,FUL.N,HB FULLER ORD
.NYA,SPHR.N,SPHERE ENTERTAINMENT CO CLASS A ORD
.NYA,CNP.N,CENTERPOINT ENERGY ORD
.NYA,AC.N,ASSOCIATED CAPITAL GRP A
.NYA,TD.N,TORONTO DOMINION ORD
.NYA,TIMB.N,TIM SA ADR
.NYA,BOOT.N,BOOT BARN HOLDINGS ORD SHS
.NYA,RY.N,ROYAL BK CANADA ORD
.NYA,BURL.N,BURLINGTON STORES ORD SHS
.NYA,SHW.N,SHERWIN WILLIAMS ORD
.NYA,ABG.N,ASBURY AUTOMOTIVE GROUP ORD
.NYA,FCX.N,FREEPORT-MCMORAN INC
.NYA,BEPC.N,BROOKFIELD RENEWABLE CORP ORD
.NYA,CIM.N,CHIMERA INVESTMENT REIT
.NYA,GMS.N,GMS INC ORD
.NYA,ROL.N,ROLLINS ORD
.NYA,TSQ.N,TOWNSQUARE MEDIA INC
.NYA,SGHC.N,SUPER GROUP (SGHC) ORD
.NYA,FLO.N,FLOWERS FOODS ORD
.NYA,GIB.N,CGI INC ORD
.NYA,KNTK.N,KINETIK HOLDINGS INC CLASS A ORD
.NYA,CNM.N,CORE & MAIN ORD SHS CLASS A
.NYA,PJT.N,PJT PARTNERS ORD WI
.NYA,LW.N,LAMB WESTON HOLDINGS
.NYA,SEMR.N,SEMRUSH HOLDINGS CL A ORD
.NYA,MTUS.N,METALLUS INC ORD
.NYA,HUYA.N,HUYA INC ORD
.NYA,SUP.N,SUPERIOR INDS ORD
.NYA,BE.N,BLOOM ENERGY CORP ORD
.NYA,UGP.N,ULTRPAR PART ADR
.NYA,VSCO.N,VICTORIAS SECRET ORD
.NYA,ORC.N,ORCHID ISLAND CAPITAL INC
.NYA,LCII.N,LCI INDUSTRIES ORD
.NYA,ORA.N,ORMAT TECHNOLOGIES ORD
.NYA,QBTS.N,D-WAVE QUANTUM INC ORD A
.NYA,BJ.N,BJS WHOLESALE CLUB HOLDINGS INC ORD
.NYA,DT.N,DYNATRACE INC ORD
.NYA,MUSA.N,MURPHY USA ORD
.NYA,YALA.N,YALLA GROUP ADR REPRESENTING ORD SHS CLASS A
.NYA,FLUT.N,FLUTTER ENTERTAINMENT ORD
.NYA,BVN.N,COMP DE MINAS BUENAVENTURA ADR
.NYA,GHM.N,GRAHAM ORD
.NYA,MBC.N,MASTERBRAND INC ORD
.NYA,RVTY.N,REVVITY ORD
.NYA,BTE.N,BAYTEX ENERGY ORD
.NYA,GEFb.N,GREIF CL B ORD
.NYA,YPF.N,YPF SOCIEDAD ANONM ADR RPSTG 1 D ORD
.NYA,VTR.N,VENTAS REIT
.NYA,TSM.N,TAIWAN SEMINDUCTOR MANUFACTURING ADR
.NYA,STT.N,STATE STREET ORD
.NYA,SNV.N,SYNOVUS ORD
.NYA,FLR.N,FLUOR ORD
.NYA,MATV.N,MATIV ORD
.NYA,LUMN.N,LUMEN TECHNOLOGIES INC ORD
.NYA,PRMB.N,PRIMO BRANDS CORP ORD
.NYA,JPM.N,JPMORGAN CHASE ORD
.NYA,OWLT.N,OWLET ORD A
.NYA,ASH.N,ASHLAND INC ORD
.NYA,GTN.N,GRAY TELEVISION ORD
.NYA,DAR.N,DARLING INGREDIENTS INC
.NYA,AMTD.N,AMTD IDEA GROUP ADR
.NYA,HG.N,HAMILTON INSURANCE GROUP ORD
.NYA,TRGP.N,TARGA RESOURCS
.NYA,HBM.N,HUDBAY MINERALS ORD
.NYA,MBI.N,MBIA ORD
.NYA,AGS.N,PLAYAGS INC ORD
.NYA,SNDA.N,SONIDA SENIOR LIVING INC ORD
.NYA,AGMa.N,FEDERAL AGRICULTUR MORTGAGE CL A ORD
.NYA,WSOb.N,WATSCO CL B ORD
.NYA,NRT.N,NORTH EUROPEAN OIL ROYALTY ORD
.NYA,DAVA.N,ENDAVA PLC ADR
.NYA,D.N,DOMINION ENERGY ORD
.NYA,AAP.N,ADVANCE AUTO PARTS ORD
.NYA,MTW.N,MANITOWOC ORD
.NYA,CE.N,CELANESE SR A ORD
.NYA,GRC.N,GORMAN RUPP ORD
.NYA,NLY.N,ANNALY MORTGAGE REIT
.NYA,LAR.N,LITHIUM AMERICAS (ARGENTINA) CORP ORD
.NYA,UHT.N,UNVL HEALTH RTY REIT
.NYA,WBX.N,WALLBOX ORD SHARES CLASS A
.NYA,VAL.N,VALARIS LTD ORD
.NYA,AMP.N,AMERIPRISE FINANCE ORD
.NYA,MDV.N,MODIV ORD SHS CLASS C
.NYA,GME.N,GAMESTOP CL A ORD
.NYA,OXY.N,OCCIDENTAL U ORD
.NYA,TREX.N,TREX ORD
.NYA,MATX.N,MATSON ORD
.NYA,BWMX.N^F24,BETTERWARE DE MEXICOSAB DE CV ORD
.NYA,KRG.N,KITE REALTY GROUP REIT
.NYA,WF.N,WOORI FINANCIAL GROUP ADR
.NYA,RCUS.N,ARCUS BIOSCIENCES INC ORD
.NYA,RSI.N,RUSH STREET INTERACTIVE INC ORD SHS CLASS A
.NYA,GLOB.N,GLOBANT SA
.NYA,KSS.N,KOHL'S ORD
.NYA,FRGE.N,FORGE GLOBAL HOLDINGS ORD
.NYA,PHIN.N,PHINIA INC ORD
.NYA,IBP.N,INSTALLED BUILDING PRODUCTS ORD
.NYA,IGT.N,INTERNATIONAL GAME TECHNOLOGY PLC
.NYA,FAF.N,FIRST AMERICAN FINANCIAL ORD
.NYA,QS.N,QUANTUMSCAPE CORP ORD A
.NYA,TV.N,GRUPO TELVISA ADS REP 5 ORD PTG CERT
.NYA,BKH.N,BLACK HILLS ORD
.NYA,SG.N,SWEETGREEN ORD SHS CLASS A
.NYA,ATR.N,APTARGROUP ORD
.NYA,SARO.N,STANDARDAERO ORD
.NYA,ELP.N,COMPANHIA PARANAENSE DE ENERGIA ADR REP PREF
.NYA,PFS.N,PROVIDENT FINANCIAL SERVICES ORD
.NYA,SRL.N,SCULLY ROYALTY ORD
.NYA,A.N,AGILENT TECHNOLOGIES ORD
.NYA,REXR.N,REXFORD INL RT/D
.NYA,AMX.N,AMERICA MOVIL SAB DE CV SERIES L ADR
.NYA,FL.N,FOOT LOCKER ORD
.NYA,BBW.N,BUILD A BEAR WORKSHOP ORD
.NYA,BV.N,BRIGHTVIEW HOLDINGS INC ORD
.NYA,DAL.N,DELTA AIR LINES ORD
.NYA,DIN.N,DINEEQUITY ORD
.NYA,RES.N,RPC ORD
.NYA,HMN.N,HORACE MANN EDUCATORS ORD
.NYA,SAM.N,BOSTON BEER ORD
.NYA,STC.N,STEWART INFO SVC ORD
.NYA,APLE.N,APPLE HOSPITALITY REIT INC
.NYA,O.N,REALTY INCOME REIT ORD
.NYA,PRG.N,PROG HOLDINGS INC ORD
.NYA,NUVB.N,NUVATN BIO ORD A
.NYA,OUT.N,OUTFRONT MEDIA INC
.NYA,STEL.N^F23,STELLAR BANCORP INC ORD
.NYA,ELV.N,ELEVANCE HEALTH INC
.NYA,SPOT.N,SPOTIFY TECHNOLOGY SA ORD
.NYA,TRNO.N,TERRENO REALTY REIT
.NYA,TPB.N,TURNING POINT BRANDS INC ORD
.NYA,XOM.N,EXXON ORD
.NYA,SA.N,SEABRIDGE GOLD ORD
.NYA,BNL.N,BROADSTONE NET LEASE ORD SHS CLASS A
.NYA,DNA.N,GINKGO BIOWORKS HOLDINGS INC ORD
.NYA,ELAN.N,ELANCO ANIMAL HEALTH INC ORD
.NYA,AN.N,AUTONATION ORD
.NYA,CPA.N,COPA HOLDINGS ORD
.NYA,TLK.N,TELKOM INDONESIA ADR
.NYA,DDS.N,DILLARDS CL A ORD
.NYA,TGS.N,TRANSPOR DE GA DE ADR REP 5 CL B ORD
.NYA,RJF.N,RAYMOND JAMES ORD
.NYA,AG.N,FIRST MAJESTIC SILVER ORD
.NYA,PRLB.N,PROTO LABS ORD
.NYA,FE.N,FIRSTENERGY ORD
.NYA,SXT.N,SENSIENT TECHNOLOGIES ORD
.NYA,BW.N,BABCOCK & WILCOX ENTERPRISES INC ORD
.NYA,RPT.N,RITHM PROPERTY TRUST INC ORD
.NYA,SNN.N,SMITH & NEPHEW ADR REP 5 ORD
.NYA,VATE.N,INNOVATE CORP ORD
.NYA,ALTG.N,ALTA EQUIPMENT GROUP INC CLS A ORD
.NYA,IRT.N,INDEPENDENCE REA
.NYA,CWENa.N,CLEARWAY ENERGY INC ORD
.NYA,MCW.OQ,MISTER CAR WASH INC ORD
.NYA,DRH.N,DIAMONDROCK HOSPITALITY REIT
.NYA,RHI.N,ROBERT HALF ORD
.NYA,CSTM.N,CONSTELLIUM HOLDCO BV
.NYA,MANU.N,MANCHESTER UNITED CL A ORD
.NYA,SMG.N,SCOTTS ORD
.NYA,WWW.N,WOLVERINE WORLD WIDE ORD
.NYA,BAP.N,CREDICORP ORD
.NYA,KEP.N,KOREA ELECTRIC POWER ADR REP 1/2 ORD
.NYA,IBTA.N,IBOTTA CL A ORD
.NYA,AZZ.N,AZZ ORD
.NYA,WOW.N,WIDEOPENWEST ORD SHS
.NYA,BDX.N,BECTON DICKINSON AND CO ORD
.NYA,TT.N,TRANE TECHNOLOGIES PLC ORD
.NYA,CVE.N,CENOVUS ENERGY ORD
.NYA,LUCK.N,LUCKY STRIKE ORD A
.NYA,FHI.N,FEDERATED HERMES CL B ORD
.NYA,OSCR.N,OSCAR HEALTH ORD SHS CLASS A
.NYA,VLN.N,VALENS SEMICONDUCTOR ORD
.NYA,NCLH.N,NORWEGIAN CRUISE LINE HOLDINGS LTD (ORDINARY) - CONSOLIDATED ISSUE LISTED
.NYA,YEXT.N,YEXT ORD SHS
.NYA,DOV.N,DOVER ORD
.NYA,TR.N,TOOTSIE ROLL INDUSTRIES ORD
.NYA,WRBY.N,WARBY PARKER INC CL A ORD
.NYA,NVST.N,ENVISTA HOLDINGS CORP ORD
.NYA,PINS.N,PINTEREST INC ORD
.NYA,KMPR.N,KEMPER ORD
.NYA,GATO.N^A25,GATOS SILVER ORD SHS
.NYA,BNS.N,BNS ORD
.NYA,HBI.N,HANESBRANDS ORD
.NYA,GLW.N,CORNING ORD
.NYA,MTN.N,VAIL RESORTS ORD
.NYA,UTL.N,UNITIL ORD
.NYA,DHI.N,D R HORTON ORD
.NYA,CCU.N,COMPANIA CERVECERIAS UNIDAS SA ADR
.NYA,GGG.N,GRACO ORD
.NYA,TBBB.N,BBB FOODS ORD SHS CLASS A
.NYA,ORI.N,OLD REPUBLIC ORD
.NYA,BCO.N,BRINK'S ORD
.NYA,SYK.N,STRYKER ORD
.NYA,ECG.N,EVERUS CONSTRUCTION GROUP ORD
.NYA,CFR.N,CULLEN FROST BANKERS ORD
.NYA,EL.N,ESTEE LAUDER CL A ORD
.NYA,CXT.N,CRANE NXT CO ORD
.NYA,CCK.N,CROWN HOLDINGS ORD
.NYA,CNMD.N,CONMED ORD
.NYA,EEX.N,EMERALD HOLDING INC ORD
.NYA,SPRU.N,SPRUCE POWER HOLDING CORPORATION
.NYA,HRTG.N,HERITAGE INSURANCE HOLDINGS ORD
.NYA,EXP.N,EAGLE MATERIALS ORD
.NYA,NX.N,QUANEX BUILDING PRODUCTS ORD
.NYA,BWA.N,BORGWARNER ORD
.NYA,EFX.N,EQUIFAX ORD
.NYA,DM.N^D25,DESKTOP METAL INC ORD
.NYA,AR.N,ANTERO RESOURCES ORD SHS
.NYA,NOA.N,NORTH AMERICAN CONSTRUCTION GROUP LTD ORD
.NYA,AUNA.N,AUNA CL A ORD
.NYA,BMI.N,BADGER METER ORD
.NYA,SAP.N,SAP VZ ADR
.NYA,ENVA.N,ENOVA INTERNATIONAL ORD SHS WHEN ISSUED
.NYA,MTD.N,METTLER TOLEDO ORD
.NYA,EHC.N,ENCOMPASS HEALTH CORP ORD
.NYA,BDN.N,BRANDYWINE REALTY REIT
.NYA,BALY.N,BALLYS ORD SHS
.NYA,CIGc.N,COMPANHIA ENERG ADR REPG ONE ORD
.NYA,OKE.N,ONEOK ORD
.NYA,GTY.N,GETTY REALTY REIT
.NYA,SWI.N^D25,SOLARWINDS CORP ORD
.NYA,VAC.N,MARRIOTT VACATIONS WORLDWIDE ORD
.NYA,BAH.N,BOOZ ALLEN HAMILTON HOLDING CL A ORD
.NYA,B.N,BARRICK GOLD ORD
.NYA,AORT.N,ARTIVION INC ORD
.NYA,AXL.N,AMERICAN AXLE AND MANUFACTURING ORD
.NYA,ESNT.N,ESSENT GROUP LTD
.NYA,SXI.N,STANDEX INTL ORD
.NYA,AMBC.N,AMBAC FINANCIAL GROUP ORD
.NYA,WLK.N,WESTLAKE CORPORATION ORD
.NYA,TXT.N,TEXTRON ORD
.NYA,JKS.N,JINKOSOLAR HOLDING COMPANY LTD ADR
.NYA,WTTR.N,SELECT WATER SOLUTIONS ORD SHS CLASS A
.NYA,ESI.N,ELEMENT SOLUTIONS INC ORD
.NYA,CLCO.N,COOL COMPANY OY ORD
.NYA,AEM.N,AGNICO EAGLE MINES LTD
.NYA,RM.N,REGIONAL MANAGEMENT ORD
.NYA,THS.N,TREEHOUSE FOODS ORD
.NYA,ESAB.N,ESAB CORP ORD
.NYA,ARMK.N,ARAMARK ORD
.NYA,CLDT.N,CHATHAM LODGING REIT
.NYA,MKC.N,MCCORMICK ORD
.NYA,LDOS.N,LEIDOS HOLDINGS INC
.NYA,FOA.N,FINANCE OF AMERICA COMPANIES INC ORD
.NYA,NWG.N,NATWEST GROUP PLC ADR
.NYA,TOST.N,TOAST ORD A
.NYA,THG.N,HANOVER INSURANCE GROUP ORD
.NYA,MCS.N,MARCUS ORD
.NYA,BLCO.N,BAUSCH LOMB ORD SHS
.NYA,NRDY.N,NERDY ORD A
.NYA,PKX.N,POSCO HOLDINGS INC ADR REPSG 1/4 ORD
.NYA,RELX.N,REED ELSEVIER ADR REP 4 ORD
.NYA,SST.N,SYSTM1 INC ORD A
.NYA,VIST.N,VISTA ENERGY S.A.B. DE C.V ADR
.NYA,RAMP.N,LIVERAMP HOLDINGS INC ORD
.NYA,DY.N,DYCOM INDUSTRIES ORD
.NYA,PCOR.N,PROCORE TECHNOLOGIES ORD SHS
.NYA,EXPD.N,EXPEDITORS INTERNATIONAL OF WASN ORD
.NYA,MOV.N,MOVADO GROUP ORD
.NYA,NVR.N,NVR ORD
.NYA,MT.N,ARCELORMITTAL ADR
.NYA,MUR.N,MURPHY OIL ORD
.NYA,KFRC.N^E24,KFORCE ORD
.NYA,VTEX.N,VTEX ORD SHS CLASS A
.NYA,MSGS.N,MADISON SQUARE GARDEN SPORTS ORD
.NYA,PHI.N,PHILIPPINE LONG DISTANCE TELE ADR
.NYA,CVEO.N,CIVEO ORD SHS WHEN ISSUED
.NYA,MIR.N,MIRION TECHNOLOGIES INC ORD
.NYA,SCS.N,STEELCASE ORD
.NYA,TDS.N,TELEPHONE AND DATA SYSTEMS ORD
.NYA,WH.N,WYNDHAM HOTELS & RESORTS ORD
.NYA,YMM.N,FULL TRUCK ALLIANCE 20 ADR ORD SHS CLASS A
.NYA,XYF.N,X FINANCIAL ADR
.NYA,HIMS.N,HIMS & HERS HEALTH INC ORD CLASS A
.NYA,GAP.N,THE GAP ORD
.NYA,GFF.N,GRIFFON ORD
.NYA,IP.N,INTERNATIONAL PAPER CO ORD
.NYA,KRC.N,KILROY REALTY REIT
.NYA,GNK.N,GENCO SHIPPING & TRADING ORD
.NYA,LBRT.N,LIBERTY OILFIELD SERVICES ORD SHS CLASS A
.NYA,AES.N,AES ORD
.NYA,EARN.N,ELLINGTON CREDIT COMPANY ORD
.NYA,FICO.N,FAIR ISAAC ORD
.NYA,TPL.N,TEXAS PACIFIC LAND CORP ORD
.NYA,ENFY.N,ENLIGHTIFY INC ORD
.NYA,GIC.N,GLOBAL INDUSTRIAL CO ORD
.NYA,ZH.N,ZHIHU INC ADR
.NYA,KT.N,KT CORP ADR
.NYA,HBB.N,HAMILTON BEACH BRANDS HOLDING CO ORD A
.NYA,PK.N,PARK HOTELS & RESORTS ORD
.NYA,RYAN.N,RYAN SPECIALTY HOLDINGS INC ORD
.NYA,RBRK.N,RUBRIK INC ORD
.NYA,FSM.N,FORTUNA MINING CORP ORD
.NYA,SWX.N,SOUTHWEST GAS ORD
.NYA,SBR.N,SABINE ROYALTY UNT
.NYA,ITW.N,ILLINOIS TOOL ORD
.NYA,DFIN.N,DONNELLEY FINANCIAL SOLUTIONS ORD SHS WHEN ISSUED
.NYA,HIG.N,HARTFORD FINANCIAL SERVICES GRUP ORD
.NYA,ALV.N,AUTOLIV ORD
.NYA,AVY.N,AVERY DENNISON ORD
.NYA,NOMD.N,NOMAD FOODS LTD
.NYA,EW.N,EDWARDS LIFESCIENCES ORD
.NYA,HCA.N,HCA HEALTHCARE ORD
.NYA,KFY.N,KORN FERRY ORD
.NYA,CBU.N,COMMUNITY FINANCIAL SYSTEM INC ORD
.NYA,AWR.N,AMERICAN STATES WATER ORD
.NYA,ZVIA.N,ZEVIA PBC ORD SHS CLASS A
.NYA,GXO.N,GXO LOGISTICS INC ORD
.NYA,HHH.N,HOWARD HUGHES ORD
.NYA,SHOP.OQ,SHOPIFY SUBORDINATE VOTING ORD SHS CLASS A
.NYA,AGCO.N,AGCO ORD
.NYA,AIZ.N,ASSURANT ORD
.NYA,NTST.N,NETSTREIT CORP ORD
.NYA,LTM.N,LATAM AIRLINES GROUP SA.
.NYA,LB.N,LANDBRIDGE COMPANY ORD SHS CLASS A
.NYA,FOR.N,FORESTAR GROUP ORD
.NYA,OPFI.N,OPPFI ORD A
.NYA,JMIA.N,JUMIA TECHNOLOGIES ADR
.NYA,OMF.N,ONEMAIN HOLDINGS INC ORD
.NYA,ASGN.N,ASGN INC ORD
.NYA,FF.N,FUTUREFUEL ORD
.NYA,E.N,ENI ADR
.NYA,IH.N,IHUMAN ADR REPRESENTING 5 ORD SHS CLASS A
.NYA,HVTa.N,HAVERTY FURNITURE COMPANIES CL A ORD
.NYA,MSC.N,STUDIO CITY INTERNATIONAL HOLDINGS LTD ORD
.NYA,WLYB.N,JOHN WILEY SONS CL B ORD
.NYA,GES.N,GUESS ORD
.NYA,RSG.N,REPUBLIC SVCS ORD
.NYA,GETY.N,GETTY IMAGES HOLDINGS ORD SHS CLASS A
.NYA,UA.N,UNDER ARMOUR C
.NYA,CAT.N,CATERPILLAR ORD
.NYA,RDW.N,REDWIRE CORPORATION ORD
.NYA,HCI.N,HCI GROUP INC
.NYA,DOCN.N,DIGITALOCEAN HOLDINGS ORD SHS
.NYA,SCL.N,STEPAN ORD
.NYA,AAMI.N,BRIGHTSPHERE INVESTMENT GROUP ORD
.NYA,DG.N,DOLLAR GENERAL ORD
.NYA,BBDO.N,BANCO BRADESCO ADS REP 1 ORD
.NYA,BYON.N,BEYOND INC ORD
.NYA,GL.N,GLOBE LIFE ORD
.NYA,ATS.N,ATS CORPORATION ORD
.NYA,GVA.N,GRANITE CONSTRUCTION ORD
.NYA,IR.N,INGERSOLL RAND INC ORD
.NYA,XPEV.N,XPENG A ADR
.NYA,YUM.N,YUM BRANDS ORD
.NYA,SKIL.N,SKILLSOFT CORP ORD
.NYA,MODG.N,TOPGOLF CALLAWAY BRANDS CORP ORD
.NYA,DVA.N,DAVITA INC ORD
.NYA,SF.N,STIFEL FINANCIAL ORD
.NYA,TGLS.N,TECNOGLASS INC ORD
.NYA,DEA.N,EASTERLY GOVERNMENT PROPERTIES INC
.NYA,FTK.N,FLOTEK INDUSTRIES ORD
.NYA,CBRE.N,CBRE GROUP CL A ORD
.NYA,HZO.N,MARINEMAX ORD
.NYA,ARIS.N,ARIS WATER SOLUTIONS INC ORD
.NYA,OWL.N,BLUE OWL CAPITAL ORD A
.NYA,VMI.N,VALMONT INDUSTRS
.NYA,LICY.N^B25,LI-CYCLE HOLDINGS ORD
.NYA,BG.N,BUNGE GLOBAL SA ORD
.NYA,CPAC.N,CEMENTOS PACASMAYO ADR REP 5 ORD
.NYA,ATEN.N,A10 NETWORKS ORD SHS
.NYA,AMCR.N,AMCOR PLC ORD
.NYA,FLG.N,FLAGSTAR FINANCIAL INC ORD
.NYA,NBR.N,NABORS INDUSTRIES ORD
.NYA,PKE.N,PARK AEROSPACE CORP ORD
.NYA,CNQ.N,CDN NATURAL RESOURCE ORD
.NYA,CAL.N,CALERES INC
.NYA,NEE.N,NEXTERA ENERGY ORD
.NYA,ABM.N,ABM INDUSTRIES ORD
.NYA,EVH.N,EVOLENT HEALTH INC
.NYA,COF.N,CAPITAL ONE FINANCIAL ORD
.NYA,LAC.N,LITHIUM AMERICAS CORP ORD
.NYA,GNE.N,GENIE ENERGY CL B ORD WI
.NYA,NXDT.N,NEXPOINT DIVERSIFIED REAL ESTATE TRUST ORD
.NYA,SKLZ.N,SKILLZ INC ORD
.NYA,ALL.N,ALLSTATE ORD
.NYA,ASR.N,GRUPO AEROPORTUA ADR REP 10 SR B ORD
.NYA,MTB.N,M&T BANK ORD
.NYA,DFS.N^E25,DISCOVER FINANCIAL SERVICES ORD
.NYA,ABEV.N,AMBEV SA ADR
.NYA,SB.N,SAFE BULKERS ORD
.NYA,CMA.N,COMERICA ORD
.NYA,KNX.N,KNIGHT-SWIFT TRANSPORTATION HOLDINGS INC ORD
.NYA,FHN.N,FIRST HORIZON CORP ORD
.NYA,HPQ.N,HP ORD
.NYA,BKSY.N,BLACKSKY TECHNOLOGY ORD A
.NYA,SPIR.N,SPIRE GLOBAL INC ORD
.NYA,VOYA.N,VOYA FINANCIAL INC
.NYA,VEEV.N,VEEVA SYSTEMS IN
.NYA,BHE.N,BENCHMARK ELECTRONICS ORD
.NYA,RTX.N,RAYTHEON TECHNOLOGIES CORPORD
.NYA,OGE.N,OGE ENERGY ORD
.NYA,TKO.N,TKO GROUP HOLDINGS INC ORD
.NYA,WEAV.N,WEAVE COMMUNICATIONS INC ORD
.NYA,SEE.N,SEALED AIR ORD
.NYA,RNGR.N,RANGER ENERGY SERVICES INC ORD
.NYA,MD.N,MEDNAX ORD
.NYA,BFa.N,BROWN FORMAN CL A ORD
.NYA,SE.N,SEA ORD ADR
.NYA,EPAM.N,EPAM SYSTEMS ORD
.NYA,WOR.N,WORTHINGTON ENTERPRISE INC ORD
.NYA,APD.N,AIR PRODUCTS AND CHEMICALS ORD
.NYA,SLG.N,SL GREEN RLTY REIT
.NYA,AWK.N,AMERICAN WATER WORKS ORD
.NYA,ECVT.N,ECOVYST INC ORD
.NYA,PPL.N,PPL ORD
.NYA,TWLO.N,TWILIO ORD SHS CLASS A
.NYA,BIOb.N,BIO RAD LABORATORIES CL B ORD
.NYA,HLX.N,HELIX ENERGY SOLUTIONS GROUP ORD
.NYA,LII.N,LENNOX INTERNATIONAL ORD
.NYA,EQBK.N^E23,EQUITY BANCSHA
.NYA,IDA.N,IDACORP ORD
.NYA,JXN.N,JACKSON FINANCIAL INC ORD
.NYA,DLB.N,DOLBY LABORATORIES CL A ORD
.NYA,HI.N,HILLENBRAND ORD
.NYA,HII.N,HUNTINGTON INGALLS INDUSTRIES ORD
.NYA,LHX.N,L3 HARRIS TECHNOLOGIES ORD
.NYA,ERJ.N,EMBRAER ADR REP FOUR ORD
.NYA,CBZ.N,CBZ ORD
.NYA,NIO.N,NIO INC ADR
.NYA,NOG.N,NORTHERN OIL&GAS ORD
.NYA,UL.N,UNILEVER PLC ADR
.NYA,CMI.N,CUMMINS ORD
.NYA,APAM.N,ARTISAN PARTNERS ASSET MANAGEMENT INC
.NYA,FIX.N,COMFORT SYSTEMS USA ORD
.NYA,PSN.N,PARSONS CORP ORD
.NYA,BRBR.N,BELLRING BRANDS INC ORD
.NYA,POST.N,POST HOLDINGS INC ORD
.NYA,OKLO.N,OKLO INC ORD SHS CLASS A
.NYA,CCM.N,CONCORD MEDIC SER HOLD ADR REP 3 ORD
.NYA,NABL.N,N-ABLE INC ORD
.NYA,GCI.N,GANNETT CO INC ORD
.NYA,WHR.N,WHIRLPOOL ORD
.NYA,AKOb.N,EMBOTELLADORA ANDINA B DRC
.NYA,PNC.N,PNC FINL SVC ORD
.NYA,SUI.N,SUN COMMUNITIES REIT
.NYA,AXTA.N,AXALTA COATING SYSTEMS LTD
.NYA,CFG.N,CITIZENS FINANCIAL GROUP ORD SHS
.NYA,FTI.N,TECHNIPFMC PLC ORD
.NYA,CCRD.N,CORECARD ORD
.NYA,CHT.N,CHUNGHWA TELECOM CO. LTD. ADR
.NYA,PH.N,PARKER HANNIFIN ORD
.NYA,TJX.N,TJX ORD
.NYA,STEM.N,STEM INC ORD
.NYA,CL.N,COLGATE-PALMOLIVE CO ORD
.NYA,UNP.N,UNION PACIFIC U ORD
.NYA,WEC.N,WEC ENERGY GROUP INC ORD
.NYA,SYY.N,SYSCO ORD
.NYA,VNO.N,VORNADO REALTY TRUST ORD
.NYA,VSTS.N,VESTIS CORP ORD
.NYA,ENR.N,ENERGIZER HOLDINGS INC
.NYA,CPT.N,CAMDEN PROPERTY REIT
.NYA,DDD.N,3D SYSTEMS ORD
.NYA,EBR.N,CENTRAIS ELETRICAS BRS ADR REP 1 ORD
.NYA,TKR.N,TIMKEN ORD
.NYA,PFGC.N,PERFORMANCE FOOD GROUP ORD
.NYA,SUM.N^B25,SUMMIT MATERIALS INC
.NYA,STWD.N,STARWOOD PROPERTY REIT
.NYA,CF.N,CF INDUSTRIES HOLDINGS ORD
.NYA,JLL.N,JONES LANG LASALLE ORD
.NYA,TKC.N,TURKCELL ILETISIM ADR REP 2.5 ORD
.NYA,TGNA.N,TEGNA ORD
.NYA,NRGV.N,ENERGY VAULT HOLDINGS INC ORD
.NYA,XPRO.N,EXPRO GROUP HOLDINGS NV ORD
.NYA,KNF.N,KNIFE RIVER CORP ORD
.NYA,FN.N,FABRINET ORD
.NYA,ZBH.N,ZIMMER BIOMET HOLDINGS INC ORD
.NYA,BERY.N^D25,BERRY GLOBAL GROUP INC ORD
.NYA,VTOL.N,BRISTOW GROUP INC ORD
.NYA,GFL.N,GFL ENVIRONMENTAL INC ORD
.NYA,CHD.N,CHURCH AND DWIGHT ORD
.NYA,MOGU.N,MOGU INC ADR
.NYA,CLB.N,CORE LABS ORD
.NYA,AMR.N,ALPHA METALLURGICAL RESOURCES ORD
.NYA,SLF.N,SUN LIFE FINL ORD
.NYA,NOAH.N,NOAH HOLDINGS ADR REP 0.5 ORD
.NYA,IT.N,GARTNER ORD
.NYA,ML.N^D25,MONEYLION ORD A
.NYA,BXP.N,BXP INC ORD
.NYA,ARCH.N^A25,ARCH RESOURCES INC CL A ORD
.NYA,SES.N,SES AI CORPORATION ORD
.NYA,OLO.N,OLO ORD SHS CLASS A
.NYA,VRN.N^E25,VEREN INC ORD
.NYA,BRFS.N,BRF SA
.NYA,CDRE.N,CADRE HOLDINGS INC ORD
.NYA,EIG.N,EMPLOYERS HOLDINGS ORD
.NYA,LLY.N,LILLY ORD
.NYA,GGB.N,GERDAU SA ADR REPSG 1 PRF
.NYA,DFH.N,DREAM FINDERS HOMES ORD SHS CLASS A
.NYA,SONY.N,SONY GROUP CORPORATION ADR
.NYA,VLO.N,VALERO ENERGY ORD
.NYA,CRDa.N,CRAWFORD CL A ORD
.NYA,CMP.N,COMPASS MINERALS INTERNATIONAL ORD
.NYA,UGI.N,UGI ORD
.NYA,ONL.N,ORION OFFICE REIT INC ORD
.NYA,PRA.N,PROASSURANCE ORD
.NYA,BRT.N,BRT APARTMENTS
.NYA,MSI.N,MOTOROLA SOLUTIONS ORD
.NYA,TGI.N,TRIUMPH GROUP ORD
.NYA,GEV.N,GE VERNOVA ORD
.NYA,CON.N,CONCENTRA GROUP HOLDINGS PARENT INC ORD
.NYA,LVWR.N,LIVEWIRE GROUP ORD
.NYA,ACI.N,ALBERTSONS COMPANIES ORD A
.NYA,VYX.N,NCR VOYIX CORPORATION ORD
.NYA,AX.N,AXOS FINANCIAL INC ORD
.NYA,MTH.N,MERITAGE HOMES ORD
.NYA,GIS.N,GENERAL MILLS ORD
.NYA,UHALb.N,U-HAUL HOLDING COMPANY SERIES N ORD
.NYA,CMCM.N,CHEETAH MOBILE ADR REPRESENTING 4 ORD SHS CLASS A
.NYA,CNR.N,CONSOL ENERGY INC ORD
.NYA,GSK.N,GSK PLC ADR
.NYA,AGO.N,ASSURED GUARANTY ORD
.NYA,HSHP.N,HIMALAYA SHIPPING LTD ORD
.NYA,SBSW.N,SIBANYE STILLWATER ADR REPRESENTING 4 ORD SHS WHEN ISSUED
.NYA,GD.N,GENERAL DYNAMICS ORD
.NYA,CHE.N,CHEMED ORD
.NYA,FDP.N,FRESH DEL MONTE PRODUCE ORD
.NYA,GCTS.N,GCT SEMICONDUCTOR INC ORD
.NYA,BIO.N,BIO RAD LABORATORIES CL A ORD
.NYA,NOW.N,SERVICENOW ORD
.NYA,DBI.N,DESIGNER BRANDS ORD
.NYA,WIT.N,WIPRO LIMITED ADR
.NYA,EGO.N,ELDORADO GOLD ORD
.NYA,HOV.N,HOVNANIAN ENTERPRISES CL A ORD
.NYA,DECK.N,DECKERS OUTDOOR ORD
.NYA,CDLR.N,CADELER A/S ADR
.NYA,MDU.N,MDU RESOURCES GROUP ORD
.NYA,SSB.N,SOUTH STATE CORP ORD
.NYA,WK.N,WORKIVA INC
.NYA,HSBC.N,HSBC HOLDINGS ADR REP 5 ORD
.NYA,GBCI.N,GLACIER BANCORP ORD
.NYA,SGI.N,TEMPUR PEDIC INTERNATIONAL ORD
.NYA,ASX.N,ASE INDUSTRIAL HOLDING CO LTD ADR
.NYA,WCN.N,WASTE CONNECTIONS INC
.NYA,EQT.N,EQT ORD
.NYA,SHG.N,SHINHAN FINANCIAL ADR REPSG 2 ORD
.NYA,JNPR.N,JUNIPER NTWRKS ORD
.NYA,BBD.N,BANCO BRADESCO ADR REPSTG 1 PRF
.NYA,C.N,CITIGROUP ORD
.NYA,UBER.N,UBER TECHNOLOGIES INC ORD
.NYA,LSPD.N,LIGHTSPEED COMMERCE INC ORD
.NYA,MLP.N,MAUI LD PINEAP ORD
.NYA,ICE.N,INTERCONTINENTAL EXCHANGE INC
.NYA,NVRI.N,ENVIRI CORP ORD
.NYA,SN.N,SHARKNINJA ORD
.NYA,PUMP.N,PROPETRO HOLDING ORD SHS
.NYA,APG.N,API GROUP CORP ORD
.NYA,DINO.N,HF SINCLAIR CORPORATION ORD
.NYA,TDC.N,TERADATA ORD
.NYA,TS.N,TENARIS ADR REP 2 ORD
.NYA,KREF.N,KKR REAL ESTATE FIN TR INC
.NYA,YELP.N,YELP CL A ORD
.NYA,IIIN.N,INSTEEL INDUSTRIES ORD
.NYA,DHR.N,DANAHER ORD
.NYA,ENB.N,ENBRIDGE ORD
.NYA,CNX.N,CNX RESOURCES CORP ORD
.NYA,WS.N,WORTHINGTON STEEL ORD
.NYA,WTS.N,WTTS WTER TECH A ORD
.NYA,BHLB.N,BERKSHIRE HILLS BANCORP ORD
.NYA,ARW.N,ARROW ELECTRONICS ORD
.NYA,BTI.N,BRITISH AMERICAN TOBACCO ADR
.NYA,MCD.N,MCDONALD'S ORD
.NYA,VIV.N,TELEFONICA BRASIL AMERICAN DEPOSITARY SHARES REPRESENTING ORD SHS WHEN ISSUED
.NYA,SSTK.N,SHUTTERSTOCK INC
.NYA,CRM.N,SALESFORCE INC ORD
.NYA,BLD.N,TOPBUILD CORP
.NYA,PD.N,PAGERDUTY INC ORD
.NYA,BUD.N,ANHEUSER BUSCH ADR REP 1 ORD
.NYA,FENG.N,PHOENIX NEW MEDIA REP 8 CL A O ADR
.NYA,AESI.N,ATLAS ENERGY SOLUTIONS INC ORD
.NYA,ELME.N,ELME COMMUNITIES ORD
.NYA,EC.N,ECOPETROL SA ADR
.NYA,XYL.N,XYLEM ORD
.NYA,GFI.N,GOLD FIELDS ADR REP 1 ORD
.NYA,RACE.N,FERRARI N V/D
.NYA,IFF.N,INTL FLAV & FRAG U ORD
.NYA,RNST.N,RENASANT ORD
.NYA,HASI.N,HNN ARMSTRNG S/D
.NYA,CANG.N,CANGO INC ADR
.NYA,TALO.N,TALOS ENERGY INC ORD
.NYA,USNA.N,USANA HEALTH SCIENCES ORD
.NYA,NGS.N,NATURAL GAS SVCS ORD
.NYA,WNC.N,WABASH NATL ORD
.NYA,XYZ.N,BLOCK INC ORD
.NYA,EVTC.N,EVERTEC INC
.NYA,HAL.N,HALLIBURTON ORD
.NYA,PSFE.N,PAYSAFE LIMITED ORD A
.NYA,DGX.N,QUEST DIAGNOSTICS ORD
.NYA,BORR.N,BORR DRILLING LTD ORD
.NYA,CNA.N,CNA FINANCIAL ORD
.NYA,CNK.N,CINEMARK HOLDINGS ORD
.NYA,IPI.N,INTREPID POTASH ORD
.NYA,FSS.N,FEDERAL SIGNAL ORD
.NYA,WHG.N,WESTWOOD HOLDINGS GROUP ORD
.NYA,CHGG.N,CHEGG INC
.NYA,BRC.N,BRADY NON VOTING CL A ORD
.NYA,BLK.N,BLACKROCK ORD
.NYA,CSV.N,CARRIAGE SERVICES ORD
.NYA,CCI.N,CROWN CASTLE INTERNATIONAL ORD
.NYA,WD.N,WALKER & DUNLOP ORD
.NYA,FVRR.N,FIVERR INTERNATIONAL LTD ORD
.NYA,WFG.N,WEST FRASER TIMBER ORD
.NYA,UVE.N,UNIVERSAL INSURANCE HOLDINGS ORD
.NYA,RLX.N,RLX TECHNOLOGY INC ORD
.NYA,NTB.N,BANK NT BUTTERFIELD AND SON ORD
.NYA,GBLI.N,GLOBAL INDEMNITY GROUP ORD A
.NYA,CCS.N,CENTURY COMMUNITIES INC
.NYA,K.N,KELLANOVA ORD
.NYA,TGT.N,TARGET ORD
.NYA,ETWO.N,CC NEUBERGER PRINCIPAL HOLDINGS I ORD SHS CLASS A
.NYA,RDY.N,DR. REDDYS LABORATORIES LIMITED ADR
.NYA,BBVA.N,BBVA ADR
.NYA,AZEK.N,AZEK COMPANY ORD A
.NYA,CHMI.N,CHERRY HILL MORTGAGE INVESTMENT CORP
.NYA,GWRE.N,GUIDEWIRE SOFTWARE ORD
.NYA,UHAL.N,U-HAUL HOLDING COMPANY ORD
.NYA,NBHC.N,NATIONAL BANK HOLDING
.NYA,USPH.N,US PHYSICAL THERAPY ORD
.NYA,HRI.N,HERC HOLDINGS ORD
.NYA,LOMA.N,LOMA NEGRA CIA INDUSTRIAL ADR
.NYA,GDDY.N,GODADDY INC
.NYA,SRE.N,SEMPRA ENERGY ORD
.NYA,CURB.N,CURBLINE PROPERTIES CORP ORD
.NYA,WAB.N,WABTEC ORD
.NYA,LEG.N,LEGGETT & PLATT ORD
.NYA,SLGN.N,SILGAN HOLDINGS ORD
.NYA,GSL.N,GLOBAL SHIP LEASE CL A ORD
.NYA,AIG.N,AMERICAN INTERNATIONAL GROUP ORD
.NYA,HLN.N,HALEON PLC ADR
.NYA,CTS.N,CTS ORD
.NYA,BODI.N,THE BEACHBODY CO INC
.NYA,SLVM.N,SYLVAMO CORPORATION ORD
.NYA,ELF.N,ELF BEAUTY ORD SHS
.NYA,TTI.N,TETRA TECHNOLOGIES ORD
.NYA,CPF.N,CENTRAL PACIFIC FINANCIAL ORD
.NYA,AHT.N,ASHFORD HOSPITALITY REIT
.NYA,CTV.N^B25,INNOVID ORD SHS
.NYA,SPR.N,SPIRIT AEROSYSTEMS HLDGS A ORD
.NYA,PRU.N,PRUDENTIAL FINL ORD
.NYA,AL.N,AIR LEASE CL A ORD
.NYA,YOU.N,CLEAR SECURE CL A ORD
.NYA,CHH.N,CHOICE HOTELS INTERNATIONAL ORD
.NYA,ETD.N,ETHAN ALLEN ORD
.NYA,DV.N,DOUBLEVERIFY HOLDINGS ORD
.NYA,BRO.N,BROWN & BROWN ORD
.NYA,KEN.N,KENON HOLDINGS LTD
.NYA,STZ.N,CONSTELLATION BRANDS CL A ORD
.NYA,RBLX.N,ROBLOX CL A ORD
.NYA,EQH.N,EQUITABLE HOLDINGS INC ORD
.NYA,CNI.N,CDN NATL RAILWAY ORD
.NYA,NOTE.N,FISCALNOTE HOLDINGS INC ORD
.NYA,MKL.N,MARKEL GROUP INC ORD
.NYA,GTLS.N,CHART INDUSTRIES ORD
.NYA,LNG.N,CHENIERE ENERGY ORD
.NYA,AOS.N,A O SMITH ORD
.NYA,RC.N,READY CAPITAL CORP ORD
.NYA,FET.N,FORUM ENERGY TECHNOLOGIES ORD
.NYA,AA.N,ALCOA CORP ORD
.NYA,PAR.N,PAR TECHNOLOGY ORD
.NYA,ARL.N,AMERICAN REALTY INVESTORS ORD
.NYA,ED.N,CONSOLIDATED EDISON ORD
.NYA,PSX.N,PHILLIPS 66 ORD
.NYA,JBGS.N,JBG SMITH PROPERTIES ORD
.NYA,EDN.N,EDENOR ADR REPSTG 20 CL B ORD
.NYA,TNL.N,TRAVEL PLUS LEISURE CO ORD
.NYA,BBAI.N,BIGBEAR AI HOLDINGS INC ORD
.NYA,EMR.N,EMERSON ELECTRIC ORD
.NYA,NL.N,NL INDUSTRIES ORD
.NYA,PARR.N,PAR PACIFIC HOLDINGS INC ORD
.NYA,CWT.N,CALIFORNIA WATER SERVICE GROUP ORD
.NYA,KTB.N,KONTOOR BRANDS INC ORD
.NYA,TNET.N,TRINET GROUP ORDINARY SHS
.NYA,CSAN.N,COSAN ADR
.NYA,KVYO.N,KLAVIYO ORD SHS SERIES A
.NYA,LOW.N,LOWE'S COS INC ORD
.NYA,BIRK.N,BIRKENSTOCK HOLDING ORD
.NYA,AGI.N,ALAMOS GOLD ORD
.NYA,JCI.N,JOHNSON CONTROLS INTERNATIONAL ORD
.NYA,HAE.N,HAEMONETICS ORD
.NYA,DOCS.N,DOXIMITY CL A ORD
.NYA,YSG.N,YATSEN HOLDING ADR
.NYA,TDY.N,TELEDYNE TECH ORD
.NYA,SMR.N,NUSCALE POWER CORPORATION CLASS A ORD
.NYA,ASAN.N,ASANA ORD SHS CLASS A
.NYA,KIND.N,NEXTDOOR HOLDINGS INC ORD
.NYA,FPI.N,FARMLAND PARTNER
.NYA,RNG.N,RINGCENTRAL INC
.NYA,DTM.N,DT MIDSTREAM INC ORD
.NYA,AKOa.N,EMBOTELLADORA ANDINA A DRC
.NYA,KEY.N,KEYCORP ORD
.NYA,PERF.N,PERFECT CORP ORD
.NYA,XPO.N,XPO LOGISTICS INC ORD
.NYA,HTH.N,HILLTOP HOLDINGS ORD
.NYA,GNRC.N,GENERAC HOLDINGS ORD
.NYA,BFb.N,BROWN FORMAN CL B ORD
.NYA,ATGE.N,ADTALEM GLOBAL EDUCATION ORD
.NYA,SIG.N,SIGNET JEWELERS ORD
.NYA,MO.N,ALTRIA GROUP ORD
.NYA,SAH.N,SONIC AUTOMOTIVE ORD
.NYA,EBF.N,ENNIS ORD
.NYA,CPAY.N,CORPAY INC ORD
.NYA,HMY.N,HARMONY GOLD MNG ADR REP 1 ORD
.NYA,ESE.N,ESCO TECHNOLOGIES ORD
.NYA,GRND.N,GRINDR INC ORD
.NYA,BN.N,BROOKFIELD CORPORATION ORD
.NYA,AIT.N,APPLIED INDUSTRIAL TECHNOLOGIES ORD
.NYA,HUBS.N,HUBSPOT INC
.NYA,RCL.N,ROYAL CARIBBEAN GROUP ORD
.NYA,PSTG.N,PURE STORAGE ORD SHS CLASS A
.NYA,AVNT.N,AVIENT CORP ORD
.NYA,NGVC.N,NATURAL GROCERS BY VITAMIN COTTA ORD
.NYA,MAX.N,MEDIAALPHA ORD SHS CLASS A
.NYA,LANV.N,LANVIN GROUP HOLDINGS LIMITED ORD
.NYA,BZH.N,BEAZER HOMES ORD
.NYA,GHG.N,GREENTREE HOSPITALITY GROUP LTD ADR
.NYA,LITB.N,LIGHTINTHEBOX HOLDING CO LTD
.NYA,MLI.N,MUELLER INDUSTRIES ORD
.NYA,ZEPP.N,ZEPP HEALTH CORP ADR
.NYA,CVX.N,CHEVRON TEXACO ORD
.NYA,PAG.N,PENSKE AUTOMOTIVE GROUP VTG ORD
.NYA,SOLV.N,SOLVENTUM ORD
.NYA,TFPM.N,TRIPLE FLAG PRECIOUS METALS CORP ORD
.NYA,PB.N,PROSPRTY BNCSHRS ORD
.NYA,AQN.N,ALGONQUIN POWER ORD
.NYA,PRO.N,PROS HOLDINGS ORD
.NYA,AZUL.N^E25,AZUL SA ADR
.NYA,LU.N,LUFAX HOLDING ADR
.NYA,AZO.N,AUTOZONE ORD
.NYA,CTRI.N,CENTURI HOLDINGS ORD
.NYA,EHAB.N,ENHABIT INC ORD
.NYA,SPCE.N,VIRGIN GALACTIC HOLDINGS ORD A
.NYA,DBRG.N,DIGITALBRIDGE GROUP ORD
.NYA,CRI.N,CARTERS ORD
.NYA,RITM.N,RITHM CAPITAL CORP ORD
.NYA,TRP.N,TC ENERGY CORP ORD
.NYA,GCO.N,GENESCO ORD
.NYA,DAN.N,DANA INC ORD
.NYA,LENb.N,LENNAR CL B ORD
.NYA,B.N^A25,BARNES GROUP ORD
.NYA,G.N,GENPACT ORD
.NYA,PLYM.N,PLYMOUTH INDUSTRIAL REIT ORD SHS
.NYA,BILL.N,BILL HOLDINGS INC ORD
.NYA,MUFG.N,MITSUBISHI UFJ FINANCIAL GROUP ADR
.NYA,SRI.N,STONERIDGE ORD
.NYA,CXW.N,CORECIVIC INC ETF
.NYA,FIHL.N,FIDELIS INSURANCE HOLDINGS LTD ORD
.NYA,JBI.N,JANUS INTERNATIONAL GROUP INC ORD
.NYA,HLF.N,HERBALIFE NUTRITION ORD
.NYA,YRD.N,YIREN DIGITAL LTD ADR
.NYA,KMI.N,KINDER MORGAN ORD
.NYA,SMFG.N,SUMITOMO MIT ADR REP 1/5TH OF ORD
.NYA,LVS.N,LAS VEGAS SNDS ORD
.NYA,PWR.N,QUANTA SERVICES ORD
.NYA,PHG.N,PHILIPS ADR
.NYA,FRT.N,FEDERAL REIT
.NYA,NET.N,CLOUDFLARE INC ORD
.NYA,SW.N,SMURFIT WESTROCK PLC ORD
.NYA,MRC.N,MRC GLOBAL ORD
.NYA,SU.N,SUNCOR ENERGY ORD
.NYA,ERO.N,ERO COPPER CORP ORD
.NYA,IHG.N,INTERCONTINENTAL HOTEL ADR REP 1 ORD
.NYA,COOK.N,TRAEGER ORD SHS
.NYA,H.N,HYATT HOTELS CL A ORD
.NYA,EVTL.N,VERTICAL AEROSPACE ORD
.NYA,CLW.N,CLEARWATER PAPER ORD
.NYA,WAT.N,WATERS ORD
.NYA,DTC.N^D25,SOLO BRANDS ORD SHS CLASS A
.NYA,NINE.N,NINE ENERGY SERVICE INC ORD
.NYA,KEX.N,KIRBY ORD
.NYA,JNJ.N,JOHNSON&JOHNSON ORD
.NYA,JBTM.N,JOHN BEAN TECHNOLOGIES ORD
.NYA,SMP.N,STANDARD MOTOR ORD
.NYA,MGY.N,MAGNOLIA OIL AND GAS CORP ORD
.NYA,CLH.N,CLEAN HARBORS ORD
.NYA,AHH.N,ARMADA HOFFLER PROPERTIES INC
.NYA,IVZ.N,INVESCO ORD
.NYA,HDB.N,HDFC BANK LIMITED ADR
.NYA,JHG.N,JANUS HENDERSON GROUP PLC ORD
.NYA,TU.N,TELUS ORD
.NYA,GNL.N,GLOBAL NET LEASE ORD SHS
.NYA,ACN.N,ACCENTURE PLC-A ORD
.NYA,ADNT.N,ADIENT
.NYA,ESRT.N,EMPIRE STATE REALTY TRUST INC
.NYA,PBT.N,PERMIAN BASIN ROYALTY UNT
.NYA,EVC.N,ENTRAVISION COMMUNICATIONS CL A ORD
.NYA,SOS.N,SOS LIMITED ADR
.NYA,IVR.N,INVESCO MORTGAGE CAPITAL REIT
.NYA,IRS.N,IRSA INVERSIONES Y REPRESENTACIONES SA ADR
.NYA,ABR.N,ARBOR REALTY REIT
.NYA,TME.N,TENCENT MUSIC ENTERTAINMENT GROUP ADR
.NYA,PEN.N,PENUMBRA ORD SHS
.NYA,OHI.N,OMEGA HEALTHCARE REIT
.NYA,LTH.N,LIFE TIME GROUP HOLDINGS INC ORD
.NYA,ZWS.N,ZURN WATER SOLUTIONS CORP ORD
.NYA,IAG.N,IAMGOLD ORD
.NYA,BFH.N,ALLIANCE DATA SYSTEMS ORD
.NYA,IBN.N,ICICI BANK LIMITED ADR
.NYA,INN.N,SUMMIT HOTEL PROPERTIES REIT
.NYA,CPNG.N,COUPANG ORD SHS CLASS A
.NYA,GFR.N,GREENFIRE RESOURCES INC ORD
.NYA,LND.N,BRASILAGRO BRAZILI AGRI REAL EST ADR
.NYA,DD.N,DUPONT DE NEMOURS INC ORD
.NYA,STG.N,SUNLANDS ONLINE EDUCATION GROUP ORD
.NYA,FDS.N,FACTSET RESEARCH SYSTEMS ORD
.NYA,NHI.N,NATL HEALTH INV REIT
.NYA,RYAM.N,RAYONIER ADVANCED MATERIALS ORD SHS WHEN ISSUED
.NYA,AXS.N,AXIS CAPITAL HOLDINGS ORD
.NYA,UFI.N,UNIFI ORD
.NYA,OTIS.N,OTIS WORLDWIDE CORP ORD
.NYA,ATUS.N,ALTICE USA CL A ORD
.NYA,HNI.N,HNI ORD
.NYA,BFAM.N,BRIGHT HORIZONS FAMILY SOLUTIONS INC
.NYA,STLA.N,STELLANTIS NV ORD
.NYA,PAC.N,GRUPO AEROPORTUARIO ADR REP 10 B ORD
.NYA,DELL.N,DELL TECHNOLOGIES INC ORD
.NYA,VHC.N,VIRNETX HOLDING ORD
.NYA,KW.N,KENNEDY WILSON HOLDINGS ORD
.NYA,FNF.N,FIDELITY NATIONAL FINANCIAL ORD SHS
.NYA,FDX.N,FEDEX ORD
.NYA,TEO.N,TELECOM ARGENTINA ADR RPSTG 5 B ORD
.NYA,VICI.N,VICI PROPERTIES INC ORD
.NYA,CAAP.N,CORPORACION AMERICA AIRPORTS SA ORD
.NYA,WFC.N,WELLS FARGO ORD
.NYA,SMWB.N,SIMILARWEB ORD SHS
.NYA,GEO.N,THE GEO GROUP ORD
.NYA,CNF.N,CNFINANCE HOLDINGS LTD ADR
.NYA,PLD.N,PROLOGIS REIT
.NYA,QUAD.N,QUAD GRAPHICS CL A ORD
.NYA,AMN.N,AMN HEALTHCARE ORD
.NYA,AMBP.N,ARDAGH METAL PACKAGING ORD
.NYA,ENLC.N^A25,ENLINK MIDSTREAM LLC
.NYA,LPX.N,LOUISIANA PACIFIC ORD
.NYA,NATL.N,NCR ATLEOS ORD SHS
.NYA,ETR.N,ENTERGY ORD
.NYA,MC.N,MOELIS ORD SHS CLASS A
.NYA,PEG.N,PUBLIC SRVCE ENT ORD
.NYA,BKU.N,BANKUNITED ORD
.NYA,NU.N,NU HOLDINGS ORD SHS CLASS A
.NYA,KOF.N,COCA-COLA FEMSA ADR REP 10 SR L ORD
.NYA,ADCT.N,ADC THERAPEUTICS SA ORD
.NYA,LOB.N,LIVE OAK BANSH/D
.NYA,PFE.N,PFIZER ORD
.NYA,SILA.N,SILA REALTY TRUST ORD
.NYA,SHAK.N,SHAKE SHACK INC
.NYA,AER.N,AERCAP HOLDINGS ORD
.NYA,MUX.N,US GOLD ORD
.NYA,CIO.N,CITY OFFICE REIT
.NYA,TEF.N,TELEFONICA ADR REP ONE ADR
.NYA,LNN.N,LINDSAY ORD
.NYA,HRB.N,H&R BLOCK ORD
.NYA,ONTO.N,ONTO INNOVATION INC ORD
.NYA,RMD.N,RESMED ORD
.NYA,PEB.N,PEBBLEBROOK HOTEL REIT
.NYA,PFSI.N,PENNY MAC
.NYA,DNOW.N,DNOW INC ORD
.NYA,WRB.N,WR BERKLEY ORD
.NYA,AOMR.N,ANGEL OAK MORTGAGE REIT INC ORD
.NYA,ATKR.N,ATKORE ORD
.NYA,BPT.N,BP PRUDHOE BAY ROYALTY UNT
.NYA,GPMT.N,GRANITE POINT MORTGAGE TRUST INC ORD
.NYA,FOUR.N,SHIFT4 PAYMENTS ORD
.NYA,BKV.N,BKV CORP ORD
.NYA,FPH.N,FIVE POINT HOLDINGS ORD SHS CLASS A
.NYA,WGO.N,WINNEBAGO INDS ORD
.NYA,WNS.N,WNS HOLDINGS LIMITED ORD
.NYA,TAC.N,TRANSALTA ORD
.NYA,SO.N,SOUTHERN ORD
.NYA,TSN.N,TYSON FOODS ORD
.NYA,EPR.N,EPR PROPERTIES
.NYA,XHR.N,XENIA HOTELS & RESORTS INC
.NYA,ODV.N,OSISKO DEVELOPMENT CORP ORD
.NYA,SRFM.N,SURF AIR MOBILITY ORD SHS
.NYA,MAC.N,THE MACERICH COMPANY REIT
.NYA,AVB.N,AVALONBAY COMMUNITIES REIT
.NYA,ALK.N,ALASKA AIR GROUP ORD
.NYA,PPG.N,PPG INDUSTRIES ORD
.NYA,SPG.N,SIMON PROPERTY GROUP REIT
.NYA,CNS.N,COHEN & STEERS ORD
.NYA,KGS.N,KODIAK GAS SERVICES ORD SHS
.NYA,BSBR.N,BANCO SANTANDER BRASIL SA ADR
.NYA,GMED.N,GLOBUS MEDICAL CL A ORD
.NYA,UIS.N,UNISYS U ORD
.NYA,CVLG.N,COVENANT LOGISTICS GROUP INC ORD
.NYA,BOW.N,BOWHEAD SPECIALTY HOLDINGS INC ORD
.NYA,CWAN.N,CLEARWATER ANALYTICS HOLDINGS INC ORD
.NYA,AMTM.N,AMENTUM HOLDINGS INC ORD
.NYA,SEI.N,SOLARIS ENERGY INFRASTRUCTURE INC ORD SHS CLASS A
.NYA,CATO.N,CATO CL A ORD
.NYA,CW.N,CURTISS WRIGHT ORD
.NYA,PCG.N,PG&E ORD
.NYA,TBI.N,TRUEBLUE ORD
.NYA,HRL.N,HORMEL FOODS ORD
.NYA,SII.N,SPROTT ORD
.NYA,AYI.N,ACUITY BRANDS ORD
.NYA,AIV.N,APARTMENT INVESTMENT AND MANAGEMENT CO ORD
.NYA,CTVA.N,CORTEVA INC ORD
.NYA,ALUR.N,ALLURION TECHNOLOGIES INC ORD
.NYA,RDDT.N,REDDIT ORD SHS CLASS A (PROPOSED)
.NYA,ALLY.N,ALLY FINANCL I/D
.NYA,CTRE.N,CARETRUST REIT ORD SHS WHEN ISSUED
.NYA,AM.N,ANTERO MIDSTREAM CORPORATION ORD
.NYA,TWI.N,TITAN INTL ORD
.NYA,ABT.N,ABBOTT LABS ORD
.NYA,ARDT.N,ARDENT HEALTH PARTNERS ORD SHS
.NYA,VIK.N,VIKING HOLDINGS LTD ORD
.NYA,GM.N,GENERAL MOTORS ORD
.NYA,KAR.N,OPENLANE INC ORD
.NYA,GPN.N,GLOBL PAYMNTS
.NYA,UWMC.N,UWM HOLDINGS CORPORATION ORD
.NYA,SOC.N,SABLE OFFSHORE CORP ORD
.NYA,AEG.N,AEGON ADR
.NYA,BLX.N,BANCO LATINOAM ORD
.NYA,BXMT.N,BLACKSTONE MORTGAGE TRUST INC
.NYA,HGV.N,HILTON GRAND VACATIONS ORD
.NYA,HAYW.N,HAYWARD HOLDINGS ORD SHS
.NYA,ESS.N,ESSEX PROPERTY REIT
.NYA,CWH.N,CAMPING WORLD HOLDINGS CLASS A ORD
.NYA,EFXT.N,ENERFLEX ORD
.NYA,UBS.N,UBS GROUP AG
.NYA,TLYS.N,TILLY'S CL A ORD
.NYA,NEU.N,NEWMARKET ORD
.NYA,PDM.N,PIEDMONT OFFICE REIT
.NYA,TRAK.N,REPOSITRAK ORD
.NYA,AKA.N,AKA BRANDS HOLDING ORD
.NYA,LXFR.N,LUXFER HOLDINGS ORD
.NYA,GKOS.N,GLAUKOS ORD SHS
.NYA,GBX.N,GREENBRIER ORD
.NYA,GOOS.N,CANADA GOOSE HOLDINGS ORD SHS
.NYA,CARS.N,CARS.COM
.NYA,MMC.N,MARSH AND MCLENNAN ORD
.NYA,FBK.N,FB FINANCIAL ORD SHS
.NYA,CTO.N,CTO REALTY GROWTH ORD
.NYA,CACI.N,CACI INTERNATIONAL ORD
.NYA,FCF.N,FST COMWLTH FINL ORD
.NYA,DIS.N,WALT DISNEY ORD
.NYA,KUKE.N,KUKE MUSIC HOLDING LTD ORD
.NYA,OXM.N,OXFORD INDUSTRIES ORD
.NYA,ANRO.N,ALTO NEUROSCIENCE ORD SHS
.NYA,DOLE.N,DOLE ORD SHS
.NYA,WHD.N,CACTUS INC ORD
.NYA,BHa.N,BIGLARI HOLDINGS A SHS ORD
.NYA,DE.N,DEERE ORD
.NYA,ATO.N,ATMOS ENERGY ORD
.NYA,LC.N,LENDINGCLUB ORD SHS
.NYA,AMPX.N,AMPRIUS TECHNOLOGIES ORD SHS
.NYA,FVR.N,FRONTVIEW REIT ORD SHS
.NYA,CVNA.N,CARVANA CO ORD
.NYA,FTS.N,FORTIS ORD
.NYA,SSD.N,SIMPSON MANUF ORD
.NYA,BBAR.N,BANCO BBVA ARGENTINA SA ADR REP 3 ORD
.NYA,ABBV.N,ABBVIE ORD SHS
.NYA,SDHC.N,SMITH DOUGLAS HOMES CORP ORD
.NYA,SON.N,SONOCO PRODUCTS ORD
.NYA,WSO.N,WATSCO ORD
.NYA,WOLF.N,WOLFSPEED INC ORD
.NYA,WCC.N,WESCO INTL ORD
.NYA,AROC.N,ARCHROCK ORD
.NYA,AXR.N,AMREP ORD
.NYA,PG.N,PROCTERGAMBLE ORD
.NYA,STN.N,STANTEC ORD
.NYA,SQM.N,SOCIEDAD QUIMICA Y M CHILE ADR
.NYA,EPRT.N,ESSENTIAL PROPERTIES REALTY TRUST INC
.NYA,SNX.N,TD SYNNEX ORD
.NYA,LDI.N,LOANDEPOT ORD SHS CLASS A
.NYA,CTEV.N,MULTIPLAN CORP ORD
.NYA,EVRI.N,EVERI HOLDINGS INC
.NYA,ARI.N,APOLLO COMMERCIAL REAL EST FIN REIT
.NYA,ADM.N,ARCHER DANIELS ORD
.NYA,BK.N,BANK OF NEW YORK MELLON ORD
.NYA,MMI.N,MARCUS & MILLICHAP INC
.NYA,NXE.N,NEXGEN ENERGY LTD
.NYA,AKR.N,ACADIA REALTY REIT
.NYA,PACS.N,PACS GROUP INC ORD
.NYA,DEC.N,DIVERSIFIED ENERGY COMPANY PLC ORD
.NYA,CTRA.N,COTERRA ENERGY ORD
.NYA,SPNT.N,SIRIUSPOINT LTD ORD
.NYA,COR.N,CENCORA INC ORD
.NYA,RLI.N,RLI ORD
.NYA,GNW.N,GENWORTH FINANCIAL INC ORD
.NYA,RHP.N,RYMAN HOSPITALITY PROPERTIES
.NYA,UMC.N,UNITED MICRO ADR
.NYA,MOH.N,MOLINA HLTHCRE ORD
.NYA,TWO.N,TWO HARBORS INVESTMENT REIT
.NYA,YETI.N,YETI HOLDINGS INC ORD
.NYA,NE.N,NOBLE CORP PLC A ORD
.NYA,COP.N,CONOCOPHILLIPS ORD
.NYA,RDN.N,RADIAN ORD
.NYA,ELS.N,EQUITY LIFESTYLE PROPERTIES REIT
.NYA,SWK.N,STANLEY BLACK AND DECKER ORD
.NYA,KORE.N,KORE GROUP HOLDINGS ORD
.NYA,PNST.N^C25,BANYAN ACQUISITION ORD SHS CLASS A
.NYA,MOGb.N,MOOG ORD CL B
.NYA,NAT.N,NORDIC AMERICAN TANKERS ORD
.NYA,EMN.N,EASTMAN CHEMICAL ORD
.NYA,ARR.N,ARMOUR RESIDENTIAL REIT
.NYA,BA.N,BOEING U ORD
.NYA,NSP.N,INSPERITY ORD
.NYA,SBS.N,SANEAMEN SAO PAU ADR REP 2 ORD
.NYA,AS.N,AMER SPORTS INC ORD
.NYA,CRL.N,CHRLS RIVER LABS ORD
.NYA,FNA.N^D25,PARAGON 28 ORD
.NYA,SID.N,SID NACIONAL ADR REPSTG ONE ORD
.NYA,AON.N,AON ORD
.NYA,HXL.N,HEXCEL ORD
.NYA,BABA.N,ALIBABA GROUP HOLDING ADR REPRESENTING 1 ORD SHS
.NYA,HD.N,HOME DEPOT ORD
.NYA,AWI.N,ARMSTRONG WORLD INDUSTRIES ORD
.NYA,HVT.N,HAVERTY FURNITURE COMPANIES ORD
.NYA,BRDG.N,BRIDGE INVESTMENT GROUP HOLDINGS ORD SHS CLASS A
.NYA,NFG.N,NFG ORD
.NYA,LMT.N,LOCKHEED MARTIN ORD
.NYA,RCI.N,ROGERS COMMUNICATIONS ORD
.NYA,DNB.N,DUN & BRADSTREET HOLDINGS INC ORD
.NYA,X.N,US STEEL ORD
.NYA,BARK.N,BARK ORD
.NYA,AAT.N,AMERICAN ASSETS REIT
.NYA,QTWO.N,Q2 HOLDINGS INC
.NYA,DHX.N,DHI GROUP INC
.NYA,EBS.N,EMERGENT BIOSOLUTIONS ORD
.NYA,LOCL.N,LOCAL BOUNTI ORD SHS
.NYA,LFT.N,LUMENT FINANCE TRUST INC ORD
.NYA,CHWY.N,CHEWY INC ORD
.NYA,PRM.N,PERIMETER SOLUTIONS INC ORD
.NYA,NWN.N,NW NATURAL HOLDING COMPANY ORD
.NYA,FMS.N,FRESENIUS MEDICAL ADR REPTG 1 ORD
.NYA,VVX.N,V2X INC ORD
.NYA,MTX.N,MINERALS TECHNOLOGIES ORD
.NYA,PAM.N,PAMPA ENERGIA ADR REPSG 25 ORD
.NYA,DPZ.OQ,DOMINOS PIZZA ORD
.NYA,SAFE.N,SAFEHOLD INC ORD
.NYA,GROV.N,GROVE COLLABORATIVE HOLDINGS INC ORD
.NYA,KOS.N,KOSMOS ENERGY ORD
.NYA,NEM.N,NEWMONT CORP ORD
.NYA,ELPC.N,COMPANHIA PARANAENSE DE ENERGIA ADR REP 4 ORD
.NYA,SMC.N,SUMMIT MIDSTREAM PARTNERS UNITS
.NYA,AMTB.N,AMERANT BANCORP INC CLASS A ORD
.NYA,PL.N,PLANET LABS PBC ORD
.NYA,BNT.N,BROOKFIELD WEALTH SOLUTIONS LTD ORD
.NYA,BY.N,BYLINE BANCORP ORD SHS (PROPOSED)
.NYA,EB.N,EVENTBRITE INC ORD
.NYA,AMT.N,AMERICAN TOWER CL A REIT
.NYA,SNDR.N,SCHNEIDER NATIONAL CL B ORD
.NYA,REX.N,REX STORES ORD
.NYA,ATI.N,ATI INC ORD
.NYA,LNC.N,LINCOLN NATL ORD
.NYA,EOG.N,EOG RESOURCES ORD
.NYA,HL.N,HECLA MINING ORD
.NYA,BEDU.N,BRIGHT SCHOLAR EDUCATION HOLDINGS ADR REPRESENTING ORDINARY SHARE CLASS A
.NYA,COTY.N,COTY INC
.NYA,MX.N,MAGNACHIP SEMICONDUCTR ORD
.NYA,ZTS.N,ZOETIS INC
.NYA,HLLY.N,HOLLEY ORD SHS
.NYA,GS.N,THE GOLDMAN SACHS GROUP ORD
.NYA,LUXE.N,MYT NETHERLANDS PARENT BV ADS REP ORD SHS
.NYA,ONIT.N,ONITY GROUP INC ORD
.NYA,BGSF.N,BGSF INC ORD
.NYA,INVH.N,INVITATION HOMES INC ORD
.NYA,DSX.N,DIANA SHIPPING INC ORD
.NYA,ASIX.N,ADVANSIX ORD
.NYA,SYF.N,SYNCHRONY FINANCIAL ORD SHS
.NYA,PVL.N,PERMIANVILLE ROYALTY TRUST ORD
.NYA,JEF.N,JEFFERIES FINANCIAL GROUP ORD
.NYA,PSO.N,PEARSON ADR REP 1 ORD
.NYA,WBS.N,WEBSTER FINANCIAL CORPORATION ORD
.NYA,BANC.N,BANC OF CALIFORNIA INC
.NYA,DCI.N,DONALDSON ORD
.NYA,CVI.N,CVR ENERGY ORD
.NYA,TG.N,TREDEGAR ORD
.NYA,KWR.N,QUAKER HOUGHTON ORD
.NYA,LADR.N,LADDER CAPITAL ORD SHS CLASS A
.NYA,PNR.N,PENTAIR PLC
.NYA,BB.N,BLACKBERRY LTD
.NYA,TAK.N,TAKEDA PHARMACEUTICAL ADR REP 1 ORD
.NYA,R.N,RYDER SYSTEM ORD
.NYA,GENI.N,GENIUS SPORTS LTD ORD
.NYA,CBL.N,CBL ASSOCIATES PROPERTIES ORD SHS
.NYA,BEST.N^C25,BEST INC ORD
.NYA,F.N,FORD MOTOR ORD
.NYA,OGS.N,ONE GAS INC
.NYA,SITE.N,SITEONE LANDSCAPE SUPPLY INC ORD
.NYA,VRE.N,VERIS RESIDENTIAL INC ORD
.NYA,LUV.N,SOUTHWEST AIRLS ORD
.NYA,LZB.N,LA Z BOY ORD
.NYA,CPK.N,CHESAPEAKE UTILITIES ORD
.NYA,STR.N,SITIO ROYALTIES CORP CLASS A ORD
.NYA,IFS.N,INTERCORP FINANCIAL SERVICES INC ORD
.NYA,ALLE.N,ALLEGION PLC
.NYA,MSCI.N,MSCI ORD
.NYA,CP.N,CANADIAN PACIFIC KANSAS CITY LIMITED ORD
.NYA,BCC.N,BOISE CASCADE CO
.NYA,MNSO.N,MINISO GROUP HOLDING ADR REPRESENTING ORD SHS CLASS A
.NYA,WST.N,WEST PHARM SVCS ORD
.NYA,TXNM.N,TXNM ENERGY INC ORD
.NYA,MMS.N,MAXIMUS ORD
.NYA,TEN.N,TSAKOS ENERGY NAVIGATION ORD
.NYA,ATMU.N,ATMUS FILTRATION TECHNOLOGIES INC ORD
.NYA,NRG.N,NRG ENERGY ORD
.NYA,GTNa.N,GRAY TELEVISION CL A ORD
.NYA,TBN.N,TAMBORAN RESOURCES CORP ORD
.NYA,HOMB.N,HOME BANCSHARES ORD
.NYA,GHC.N,GRAHAM HOLDINGS CO
.NYA,WELL.N,WELLTOWER INC ORD
.NYA,ADC.N,AGREE REALTY REIT
.NYA,TPR.N,TAPESTRY INC ORD
.NYA,MPX.N,MARINE PRODUCTS ORD
.NYA,STE.N,STERIS ORD
.NYA,GPI.N,GROUP 1 AUTOMOTIVE ORD
.NYA,LYV.N,LIVE NATION ORD
.NYA,SPXC.N,SPX TECHNOLOGIES ORD
.NYA,VLTO.N,VERALTO CORP ORD
.NYA,DXC.N,DXC TECHNOLOGY COMPANY ORD
.NYA,BOX.N,BOX INC
.NYA,PSA.N,PUBLIC STORAGE REIT
.NYA,AJG.N,ARTHUR J GALLAGHER ORD
.NYA,RL.N,RALPH LAUREN CL A ORD
.NYA,NI.N,NISOURCE ORD
.NYA,NOC.N,NORTHROP GRUMMAN ORD
.NYA,PDS.N,PRECISION DRILLING ORD
.NYA,VMC.N,VULCAN MATERIALS ORD
.NYA,BH.N,BIGLARI HOLDINGS B SHS ORD
.NYA,RH.N,RH ORD
.NYA,WMT.N,WALMART INC ORD
.NYA,SJM.N,JM SMUCKER ORD
.NYA,PHX.N,PHX MINERALS INC ORD
.NYA,MWA.N,MUELLER WATER PRODUCTS SER A ORD
.NYA,BKD.N,BROOKDALE SENIOR LIVING ORD
.NYA,CDP.N,COPT DEFENSE PROPERTIES REIT
.NYA,SD.N,SANDRIDGE ENERGY ORD
.NYA,RS.N,RELIANCE INC ORD
.NYA,CPRI.N,CAPRI HOLDINGS LIMITED ORD
.NYA,KMX.N,CARMAX ORD
.NYA,PAYC.N,PAYCOM SOFTWARE ORD SHS
.NYA,SHO.N,SUNSTONE HTL INV REIT
.NYA,RF.N,REGIONS FINANCL ORD
.NYA,FND.N,FLOOR AND DECOR HOLDINGS CLASS A ORD SHS
.NYA,RLJ.N,RLJ LODGING REIT
.NYA,HLT.N,HILTON INC ORD
.NYA,BRCC.N,BLACK RIFLE COFFEE COMPANY ORD
.NYA,HWM.N,HOWMET AEROSPACE INC ORD
.NYA,MCO.N,MOODYS ORD
.NYA,ROG.N,ROGERS ORD
.NYA,HPE.N,HEWLETT PACKARD ENTERPRISE ORD
.NYA,KKR.N,KKR & CO INC
.NYA,CARR.N,CARRIER GLOBAL CORP ORD
.NYA,MRK.N,MERCK & CO INC ORD
.NYA,MLM.N,MARTIN MARIETTA ORD
.NYA,OBK.N,ORIGIN BANCORP INC ORD
.NYA,VEL.N,VELOCITY FINANCIAL LLC ORD
.NYA,RIG.N,TRANSOCEAN ORD
.NYA,BYD.N,BOYD GAMING ORD
.NYA,BRSP.N,BRIGHTSPIRE CAPITAL INC ORD
.NYA,BEKE.N,KE HOLDINGS ADR
.NYA,ES.N,EVERSOURCE ENERGY
.NYA,SQNS.N,SEQUANS COMMUNICATIONS ADR REP 1 ORD
.NYA,CUBE.N,CUBESMART REIT
.NYA,CYD.N,CHINA YUCHAI INTERNATIONAL ORD
.NYA,FMC.N,FMC ORD
.NYA,DESP.N^E25,DESPEGAR COM CORP ORD
.NYA,MSGE.N,MADISON SQUARE GARDEN ENTERTAINMENT CORP CLASS A ORD (NEW)
.NYA,BKE.N,BUCKLE ORD
.NYA,ANET.N,ARISTA NETWORKS
.NYA,PIPR.N,PIPER SANDLER COMPANIES ORD
.NYA,HOUS.N,ANYWHERE REAL ESTATE INC ORD
.NYA,LXU.N,LSB INDUSTRIES ORD
.NYA,LYB.N,LYONDELLBASELL INDUSTRIES CL A ORD
.NYA,BP.N,BP ADR EACH REPSTNG SIX ORD
.NYA,STNG.N,SCORPIO TANKERS ORD
.NYA,GRMN.N,GARMIN ORD
.NYA,LAZ.N,LAZARD ORD
.NYA,CMRE.N,COSTAMARE ORD
.NYA,GNTY.N,GUARANTY BANCSHARES ORD
.NYA,XPOF.N,XPONENTIAL FITNESS ORD SHS CLASS A
.NYA,USFD.N,US FOODS HOLDING CORP ORD
.NYA,GATX.N,GATX ORD
.NYA,OUST.OQ,OUSTER INC ORD
.NYA,BOC.N,BOSTON OMAHA ORD SHS CLASS A
.NYA,EGY.N,VAALCO ENERGY ORD
.NYA,IVT.N,INVENTRUST PROPERTIES ORD SHS
.NYA,FSLY.N,FASTLY INC ORD
.NYA,DBD.N,DIEBOLD NIXDORF ORD
.NYA,ACM.N,AECOM
.NYA,FEDU.N,FOUR SEASONS EDUCATION ADR
.NYA,FBRT.N,FRANKLIN BSP REALTY TRUST INC ORD
.NYA,RIO.N,RIO TINTO ADR REP ONE ORD
.NYA,HIW.N,HIGHWOODS PROPERTIES REIT
.NYA,OEC.N,ORION ENGINEERED CARBONS SA
.NYA,KLG.N,WK KELLOGG CO ORD
.NYA,USM.N,US CELLULAR ORD
.NYA,NXRT.N,NEXPOINT RESIDENTIAL TRUST ORD SHS
.NYA,FIS.N,FIDELITY NATIONAL INFORMATN SVCS ORD
.NYA,SMRT.N,SMARTRENT ORD
.NYA,BRX.N,BRIXMOR PROPERTY GROUP REIT
.NYA,SSL.N,SASOL ADR REP 1 ORD
.NYA,TRU.N,TRANSUNION ORD SHS
.NYA,SKE.N,SKEENA RESOURCES ORD
.NYA,EAF.N,GRAFTECH INTERNATIONAL LTD ORD
.NYA,TEL.N,TE CONNECTIVITY PLC ORD
.NYA,HLI.N,HOULIHAN LOKEY INC
.NYA,SBSI.N,SOUTHSIDE BANCSHARES ORD
.NYA,FG.N,F&G ANNUITIES AND LIFE ORD
.NYA,REVG.N,REV GROUP ORD SHS (PROPOSED)
.NYA,SVV.N,SAVERS VALUE VILLAGE ORD SHS
.NYA,NVGS.N,NAVIGATOR HOLDINGS ORD
.NYA,BLND.N,BLEND LABS ORD SHS CLASS A
.NYA,KOP.N,KOPPERS HOLDINGS ORD
.NYA,HKD.N,AMTD DIGITAL INC ADR
.NYA,RBC.N,RBC BEARINGS ORD
.NYA,MAS.N,MASCO ORD
.NYA,DDL.N,DINGDONG CAYMAN 2 ADR REP 3 ORD
.NYA,WTRG.N,ESSENTIAL UTILITIES INC ORD
.NYA,BEN.N,FRANKLIN RSC ORD
.NYA,IPG.N,INTERPUBLIC GROUP OF COMPANIES ORD
.NYA,HUN.N,HUNTSMAN ORD
.NYA,COMP.N,COMPASS ORD SHS CLASS A
.NYA,UI.N,UBIQUITI INC ORD
.NYA,CIVI.N,CIVITAS RESOURCES ORD
.NYA,AIR.N,AAR ORD
.NYA,ALE.N,ALLETE ORD
.NYA,COHR.N,COHERENT CORP ORD
.NYA,OGN.N,ORGANON & CO ORD
.NYA,EDR.N^C25,ENDEAVOR GROUP HOLDINGS ORD SHS CLASS A
.NYA,MS.N,MORGAN STANLEY ORD
.NYA,AHR.N,AMERICAN HEALTHCARE REIT ORD SHS
.NYA,KD.N,KYNDRYL HOLDINGS INC ORD
.NYA,MEG.N,MONTROSE ENVIRONMENTAL GRP ORD SHS
.NYA,MFG.N,MIZUHO FINANCIAL GROUP ADR REP 2 ORD
.NYA,PAY.N,PAYMENTUS HOLDINGS ORD SHS CLASS A
.NYA,WPC.N,WP CAREY INC
.NYA,ROK.N,ROCKWELL AUTOMAT ORD
.NYA,EE.N,EXCELERATE ENERGY INC ORD
.NYA,FIGS.N,FIGS ORD SHS CLASS A
.NYA,HE.N,HAWAIIAN ELECTRIC INDUSTRIES ORD
.NYA,CIEN.N,CIENA ORD
.NYA,PAGS.N,PAGSEGURO DIGITAL LTD ORD
.NYA,KMT.N,KENNAMETAL ORD
.NYA,VET.N,VERMILION ENERGY ORD
.NYA,HES.N,HESS ORD
.NYA,ARLO.N,ARLO TECHNOLOGIES INC ORD
.NYA,BCH.N,BANCO DE CHILE ADR REP 600 ORD
.NYA,ENFN.N^D25,ENFUSION INC ORD
.NYA,AGM.N,FEDERAL AGRICULTUR MORTGAGE CL C ORD
.NYA,BALL.N,BALL ORD
.NYA,AMH.N,AMERICAN HOMES 4 RENT
.NYA,J.N,JACOBS SOLUTIONS INC ORD
.NYA,RFL.N,RAFAEL HOLDINGS INC CLASS B ORD
.NYA,MLR.N,MILLER INDUSTRIES ORD
.NYA,MG.N,MISTRAS GRUP ORD
.NYA,FBP.N,FIRST BANCORP ORD
.NYA,URI.N,UNITED RENTALS ORD
.NYA,BHR.N,BRAEMAR HOTELS & RESORTS INC ORD
.NYA,LMND.N,LEMONADE INC ORD
.NYA,JWN.N^E25,NORDSTROM ORD
.NYA,NPK.N,NATIONAL PRESTO ORD
.NYA,SDRL.N,SEADRILL LTD ORD
.NYA,ADT.N,ADT INC ORD
.NYA,BFS.N,SAUL CENTERS REIT
.NYA,BTU.N,PEABODY ENERGY ORD
.NYA,IOT.N,SAMSARA ORD SHS CLASS A
.NYA,AFL.N,AFLAC ORD
.NYA,EQR.N,EQUITY RESIDENTIAL REIT
.NYA,IHS.N,IHS HOLDING ORD
.NYA,CIG.N,COMPANHIA ENERGETICA DE MG CEMIG ADR
.NYA,EDU.N,NEW ORIENTAL EDUCTN & TECH GRP ADR
.NYA,LPL.N,LG DISPLAY LTD ADR
.NYA,TRTX.N,TPG RE FINANCE TRUST ORD SHS
.NYA,BSX.N,BOSTON SCIENTIFIC ORD
.NYA,OII.N,OCEANEERING INTL ORD
.NYA,HGTY.N,HAGERTY INC ORD
.NYA,TFC.N,TRUIST FINANCIAL CORP ORD
.NYA,CLX.N,CLOROX ORD
.NYA,SAND.N,SANDSTORM GOLD ORD
.NYA,ALG.N,ALAMO GROUP ORD
.NYA,PBR.N,PETROLEO BRASILEIRO ADR REPSTG 2 ORD
.NYA,OMC.N,OMNICOM ORD
.NYA,RRC.N,RANGE RESOURCES ORD
.NYA,MAN.N,MANPOWERGROUP ORD
.NYA,BLDR.N,BUILDERS FIRSTSOURCE ORD
.NYA,FR.N,FIRST INDUSTRIAL REIT
.NYA,DAO.N,YOUDAO INC ADR
.NYA,OMI.N,OWENS & MINOR ORD
.NYA,JHX.N,JAMES HARDIE INDUSTRIES PLC
.NYA,CPS.N,COOPER STANDARD HOLDINGS ORD
.NYA,YUMC.N,YUM CHINA HOLDINGS
.NYA,SM.N,SM ENERGY ORD
.NYA,GRBK.N,GREEN BRICK PARTNERS INC
.NYA,HCC.N,WARRIOR MET COAL ORD SHS
.NYA,GOTU.N,GAOTU TECHDU ADR
.NYA,WEX.N,WEX INC
.NYA,LEVI.N,LEVI STRAUSS & CO ORD
.NYA,TE.N,FREYR BATTERY ORD
.NYA,FNB.N,FNB ORD
.NYA,KVUE.N,KENVUE INC ORD
.NYA,DKS.N,DICKS SPORTING ORD
.NYA,ZETA.N,ZETA GLOBAL HOLDINGS CL A ORD
.NYA,TDOC.N,TELADOC HEALTH INC ORD
.NYA,TNK.N,TEEKAY TANKERS ORD
.NYA,CAE.N,CAE ORD
.NYA,VTS.N,VITESSE ENERGY ORD SHS
.NYA,DAC.N,DANAOS ORD
.NYA,PINE.N,ALPINE INCOME PROPERTY TRUST INC ORD
.NYA,SNAP.N,SNAP INC ORD
.NYA,NSC.N,NORFOLK SOUTHERN ORD
.NYA,SHCO.N,SOHO HOUSE & CO INC ORD SHS CLASS A
.NYA,DTE.N,DTE ENERGY ORD
.NYA,VHI.N,VALHI ORD
.NYA,ACR.N,ACRES COMMERCIAL REALTY CORP ORD
.NYA,TAP.N,MOLSON COORS BREWING NONVTG CL B ORD
.NYA,AGX.N,ARGAN ORD
.NYA,KO.N,COCA-COLA ORD
.NYA,ACA.N,ARCOSA INC ORD
.NYA,TIXT.N,TELUS INTERNATIONAL CDA SUBORDINATE ORD SHS WHEN ISSUED
.NYA,MFA.N,MFA MORTGAGE REIT
.NYA,W.N,WAYFAIR INC
.NYA,WSR.N,WHITESTONE REIT
.NYA,MCB.N,METROPOLITAN BANK HOLDING ORD
.NYA,JBL.N,JABIL CIRCUIT ORD
.NYA,AU.N,ANGLOGOLD ORD
.NYA,THO.N,THOR INDUSTRIES ORD
.NYA,HEIa.N,HEICO CL A ORD
.NYA,AGRO.N,ADECOAGRO ORD
.NYA,ENOV.N,ENOVIS CORP ORD
.NYA,JOE.N,THE ST JOE COMPANY ORD
.NYA,FLNG.N,FLEX LNG ORD
.NYA,TCI.N,TRANSCO REALTY REIT
.NYA,PBRa.N,PETROLEO BRASILEIRO ADR REPSTG 2 PRF
.NYA,VFC.N,VF ORD
.NYA,UP.N,WHEELS UP EXPERIENCE ORD A
.NYA,KLC.N,KINDERCARE LEARNING COMPANIES INC ORD
.NYA,FMX.N,FOMENTO ECON ADR REPRESENTING 10 ORD
.NYA,NTZ.N,NATUZZI ADR
.NYA,V.N,VISA INCORPORATION ORD
.NYA,EFC.N,ELLINGTON FINANCIAL INC ORD
.NYA,SMAR.N^A25,SMARTSHEET INC ORD
.NYA,CX.N,CEMEX ADR REP 10 PAR
.NYA,CUZ.N,COUSINS PROPERTIES REIT
.NYA,SITC.N,SITE CENTERS CORP ORD
.NYA,SXC.N,SUNCOKE ENERGY ORD
.NYA,PBA.N,PEMBINA PIPELINE ORD
.NYA,M.N,MACYS ORD
.NYA,BMO.N,BANK OF MONTREAL ORD
.NYA,SR.N,SPIRE INC ORD
.NYA,CRBG.N,COREBRIDGE FINANCIAL INC ORD
.NYA,JELD.N,JELD-WEN HOLDING INC ORD
.NYA,WMB.N,WILLIAMS ORD
.NYA,FUN.N,SIX FLAGS ENTERTAINMENT ORD
.NYA,ASC.N,ARDMORE SHIPPING
.NYA,CHCT.N,COMMUNITY HEALTHCARE TRUST INC
.NYA,TDW.N,TIDEWATER ORD
.NYA,WPM.N,WHEATON PRECIOUS METALS CORP ORD
.NYA,SUZ.N,SUZANO PAPEL CELULOSE ADR REP 3 ORD
.NYA,ACHR.N,ARCHER AVIATION ORD
.NYA,CXM.N,SPRINKLR ORD SHS CLASS A
.NYA,SKY.N,CHAMPION HOMES INC ORD
.NYA,TFII.N,TFI INTERNATIONAL INC ORD
.NYA,OC.N,OWENS CORNING ORD
.NYA,KR.N,KROGER ORD
.NYA,APTV.N,APTIV HOLDINGS LTD ORD
.NYA,OIS.N,OIL STATES INTL ORD
.NYA,VIPS.N,VIPSHOP HOLDINGS SPON ADS REP 2 ORD
.NYA,SMHI.N,SEACOR MARINE HOLDINGS INC ORD
.NYA,CINT.N,CI&T INC ORD
.NYA,TPH.N,TRI POINTE GROUP INC
.NYA,KIM.N,KIMCO REALTY REIT
.NYA,QSR.N,RESTAURANT BRANDS INTL
.NYA,PMT.N,PENNYMAC MORTGE REIT
.NYA,CAG.N,CONAGRA BRANDS INC ORD
.NYA,VPG.N,VISHAY PRECSN ORD
.NYA,WM.N,WASTE MANAGEMENT ORD
.NYA,IRM.N,IRON MOUNTAIN ORD
.NYA,CAH.N,CARDINAL HEALTH ORD
.NYA,KGC.N,KINROSS GOLD ORD
.NYA,AEVA.OQ,AEVA TECHNOLOGIES INC ORD
.NYA,FCN.N,FTI CONSULTING ORD
.NYA,RGR.N,STURM RUGER ORD
.NYA,MHK.N,MOHAWK INDUSTRIES ORD
.NYA,FINV.N,FINVOLUTION GROUP ADR
.NYA,MEI.N,METHODE ELECTRONICS ORD
.NYA,MP.N,MP MATERIALS CORPORATION ORD A
.NYA,L.N,LOEWS ORD
.NYA,DLR.N,DIGITAL REALTY REIT
.NYA,CR.N,CRANE CO ORD
.NYA,IMAX.N,IMAX ORD
.NYA,XIN.N,XINYUAN REAL ESTATE ADR REP 2 ORD
.NYA,ODC.N,OIL DRI CORPORATION OF AMERICA ORD
.NYA,EBRb.N,CENTRAIS ELETRICAS BRS ADR REP 1 PRF
.NYA,ECO.N,OKEANIS ECO TANKERS CORP ORD
.NYA,AP.N,AMPCO PITTSBURGH ORD
.NYA,PX.N,P10 HOLDINGS INC ORD
.NYA,CSL.N,CARLISLE COMPANIES ORD
.NYA,BGS.N,B&G FOODS ORD
.NYA,SOL.N,EMEREN GROUP LTD ADR
.NYA,DAY.N,DAYFORCE INC ORD
.NYA,OI.N,O-I GLASS INC ORD
.NYA,UDR.N,UDR REIT
.NYA,TEX.N,TEREX ORD
.NYA,GIL.N,GILDAN ACTIVEWEAR ORD
.NYA,CURV.N,TORRID HOLDINGS ORD SHS
.NYA,ING.N,ING GROEP ADR REP 1 ORD
.NYA,INVX.N,INNOVEX INTERNATIONAL ORD
.NYA,KN.N,KNOWLES CORP
.NYA,LOAR.N,LOAR HOLDINGS INC ORD
.NYA,MAA.N,MID AMERICA APARTMENT COMMUNITI REIT
.NYA,RYN.N,RAYONIER REIT
.NYA,LEA.N,LEAR ORD
.NYA,KBR.N,KBR ORD
.NYA,INGM.N,INGRAM MICRO HOLDING ORD
.NYA,KRO.N,KRONOS WORLDWIDE ORD
.NYA,ARE.N,ALEXANDRIA REAL ESTATE EQUITIES REIT
.NYA,WMK.N,WEIS MARKETS ORD
.NYA,NYC.N,AMERICAN STRATEGIC INVESTMENT CO ORD SHS CLASS A
.NYA,LYG.N,LLOYDS BANKING GROUP ADR 4 ORD
.NYA,TMHC.N,TAYLOR MORRISON HOME CORP
.NYA,BUR.N,BURFORD CAPITAL ORD
.NYA,SKT.N,TANGER FACTORY REIT
.NYA,GOLF.N,ACUSHNET HOLDINGS ORD SHS
.NYA,AEO.N,AMERICAN EAGLE OUTFITTERS ORD
.NYA,GPC.N,GENUINE PARTS ORD
.NYA,TECK.N,TECK RESOURCES CL B ORD
.NYA,GWH.N,ESS TECH INC
.NYA,NVS.N,NOVARTIS ADR REPSG 1 ORD
.NYA,ZGN.N,ERMENEGILDO ZEGNA ORD
.NYA,ALB.N,ALBEMARLE ORD
.NYA,CHPT.N,CHARGEPOINT HOLDINGS INC ORD CLASS A
.NYA,SPGI.N,S&P GLOBAL INC ORD
.NYA,DNMRQ.PK,DANIMER SCIENTIFIC INC ORD SHS CLASS A
.NYA,AGL.N,AGILON HEALTH ORD SHS
.NYA,CBNA.N,CHAIN BRIDGE BANCORP ORD
.NYA,CULP.N,CULP ORD
.NYA,PSTL.N,POSTAL REALTY TRUST INC ORD
.NYA,AI.N,C3 AI ORD SHS CLASS A
.NYA,CNNE.N,CANNAE HOLDINGS INC ORD
.NYA,INSW.N,INTERNATIONAL SEAWAYS ORD WI
.NYA,TK.N,TEEKAY CORPORATION LTD ORD
.NYA,DEO.N,DIAGEO ADR REP 4 ORD
.NYA,ABCB.N,AMERIS BANCORP ORD
.NYA,WTM.N,WHITE MTN INS ORD
.NYA,AMG.N,AFFILIATED MANAGERS GROUP ORD
.NYA,CMS.N,CMS ENERGY ORD
.NYA,PRI.N,PRIMERICA ORD
.NYA,MTG.N,MGIC INVESTMENT ORD
.NYA,U.N,UNITY SOFTWARE ORD SHS
.NYA,SNA.N,SNAP ON ORD
.NYA,SAN.N,BANCO SANTDER ADR
.NYA,LH.N,LABCORP HOLDINGS INC ORD
.NYA,TTE.N,TOTALENERGIES SE ADR REP 1
.NYA,NNI.N,NELNET CL A ORD
.NYA,MA.N,MASTERCARD ORD
.NYA,HUM.N,HUMANA ORD
.NYA,STM.N,STMICROELECTRONICS ADR
.NYA,BRKb.N,BERKSHIRE HATHWAY CL B ORD
.NYA,TX.N,TERNIUM ADR REPRESENTING TEN ORD
.NYA,UNH.N,UNITEDHEALTH GRP ORD
.NYA,FUBO.N,FUBOTV ORD SHS
.NYA,AMPY.N,AMPLIFY ENERGY CORP ORD
.NYA,BXC.N,BLUELINX ORD
.NYA,BMY.N,BRISTOL-MYERS SQUIBB ORD
.NYA,BHC.N,BAUSCH HEALTH COMPANIES INC ORD
.NYA,NKE.N,NIKE INC -CL B ORD
.NYA,TRC.N,TEJON RANCH ORD
.NYA,ITUB.N,ITAU UNIBANCO HOLDING SA ADR
.NYA,DUK.N,DUKE ENERGY ORD
.NYA,PNW.N,PINNACLE WEST ORD
.NYA,IX.N,ORIX ADR REP 1/2 ORD
.NYA,BIPC.N,BROOKFIELD INFRASTRUCTURE CORP ORD
.NYA,CMBT.N,CMB.TECH ORD
.NYA,CGAU.N,CENTERRA GOLD ORD
.NYA,SLB.N,SCHLUMBERGER ORD
.NYA,AMWL.N,AMERICAN WELL ORD SHS CLASS A
.NYA,EPC.N,EDGEWELL PERSONAL CARE CO
.NYA,NREF.N,NEXPOINT REAL ESTATE FINANCE INC ORD
.NYA,CNO.N,CNO FINANCIAL GROUP ORD
.NYA,ENS.N,ENERSYS ORD
.NYA,PATH.N,UIPATH INC ORD
.NYA,GDOT.N,GREEN DOT CL A ORD
.NYA,CRC.N,CALIFORNIA RESOURCES ORD SHS
.NYA,MSB.N,MESABI TRUST
.NYA,EXK.N,ENDEAVOUR SILVER ORD
.NYA,AXP.N,AMERICAN EXPRESS ORD
.NYA,FBIN.N,FORTUNE BRANDS INNOVATIONS INC ORD
.NYA,BHVN.N,BIOHAVEN LTD ORD
.NYA,ACRE.N,ARES COMMERCIAL REAL ESTATE ORD
.NYA,KAI.N,KADANT ORD
.NYA,EVR.N,EVERCORE INC ORD
.NYA,MDT.N,MEDTRONIC PLC
.NYA,CNC.N,CENTENE ORD
.NYA,CAVA.N,CAVA GROUP INC ORD
.NYA,NOV.N,NOV INC ORD
.NYA,AEE.N,AMEREN ORD
.NYA,DX.N,DYNEX CAPITAL REIT
.NYA,TM.N,TOYOTA MOTOR ADR REP 2 ORD
